,user_id,timestamp,Duration,IP,ProductID,ProductName,ProductCategory,Price,ProductQuantity
0,bb645c6c64e4460dafcab25f4711a229,1674495543,36,118.201.183.106,1236,Camping Tent,Sports & Outdoor,50,1
1,80a7112938114cc688957cdb521b2632,1674305210,22,27.131.128.0,1236,Camping Tent,Sports & Outdoor,50,2
2,8a5a6474242f4d61ae4f4a7b615d4526,1674016913,31,27.131.128.0,1236,Camping Tent,Sports & Outdoor,50,2
3,ca350f477c634a84bdaf67e046e634d2,1676815697,32,118.201.183.106,1236,Camping Tent,Sports & Outdoor,50,1
4,d7a556f061d84249802137d89b600208,1674460372,57,118.201.183.106,1236,Camping Tent,Sports & Outdoor,50,2
5,506ce0d642e140babe8be839964464c4,1673104401,14,27.79.255.255,1236,Camping Tent,Sports & Outdoor,50,2
6,831648956ff34ae0b187989499f8c1f9,1673508516,56,118.201.183.106,1236,Camping Tent,Sports & Outdoor,50,1
7,4cdf98f7facd4cf6ab4a8eadf9a3b4f4,1673615948,13,27.50.31.255,1236,Camping Tent,Sports & Outdoor,50,2
8,e08e7a6aae244038aed4a2e3abf943c5,1676945859,38,118.201.183.106,1236,Camping Tent,Sports & Outdoor,50,1
9,dbc72003143d4c2198386300c6264cdf,1677364474,20,118.201.183.106,1236,Camping Tent,Sports & Outdoor,50,1
10,5c41a98e58864319ad6c649d2cb748c6,1677352950,60,27.79.255.255,1236,Camping Tent,Sports & Outdoor,50,2
11,6b67da2a8cb141a887a579c3deead7b5,1673680237,39,27.131.128.0,1237,Ultraboost 3.0 Black,Men's Apparel,150,3
12,9754977333fb40d89b4d7e68f22bdcf3,1672851780,38,27.131.128.0,1237,Ultraboost 3.0 Black,Men's Apparel,150,2
13,3f4d3b126d644eac9c99c6e74079d930,1677447698,12,118.201.183.106,1237,Ultraboost 3.0 Black,Men's Apparel,150,1
14,d7d4afa59bec40c1818e80c7f2f5f404,1673399796,57,27.131.128.0,1237,Ultraboost 3.0 Black,Men's Apparel,150,1
15,7f9f971c79044bcfb4b74480021d0693,1675176333,32,27.131.128.0,1237,Ultraboost 3.0 Black,Men's Apparel,150,3
16,4f0697617fe1408195f3db5b99791274,1674460109,62,27.79.255.255,1237,Ultraboost 3.0 Black,Men's Apparel,150,1
17,ee72e4ac31a04fa28a3cd67ab756e7c9,1674335699,15,118.201.183.106,1237,Ultraboost 3.0 Black,Men's Apparel,150,1
18,e7e758722c47464fafe805c8b83aca46,1672640347,36,27.50.31.255,1237,Ultraboost 3.0 Black,Men's Apparel,150,1
19,cf48323298c84025adfbdfd915949d3c,1676752905,32,118.201.183.106,1237,Ultraboost 3.0 Black,Men's Apparel,150,1
20,0691905dd981479e9c71f523fa96101b,1674294465,5,1.32.127.255,1237,Ultraboost 3.0 Black,Men's Apparel,150,1
21,36528eecaab149b0b3cf38e2a8b72fa8,1673555654,53,103.101.47.255,1237,Ultraboost 3.0 Black,Men's Apparel,150,1
22,94132ff6d08a47cf8cdd6b820c9971d6,1675945960,70,118.201.183.106,1237,Ultraboost 3.0 Black,Men's Apparel,150,1
23,10494e0ed7ce4b4fa9d39ae7b720e191,1676373194,24,27.79.255.255,1237,Ultraboost 3.0 Black,Men's Apparel,150,1
24,bef1fbdea45a418ba6d98ef104ed4464,1676496029,53,118.201.183.106,1241,Yoga Mat 2cm x 1.5m x 60cm,Sports & Outdoor,30,1
25,8b910200036d4facacaaadeacbb50065,1676835282,41,1.32.127.255,1241,Yoga Mat 2cm x 1.5m x 60cm,Sports & Outdoor,30,1
26,ff6d6f3010ef4e238a383b1d7dcdc111,1673218479,37,118.201.183.106,1241,Yoga Mat 2cm x 1.5m x 60cm,Sports & Outdoor,30,1
27,dfc9d318a9154e698fd3e97116df919c,1674488102,45,118.201.183.106,1241,Yoga Mat 2cm x 1.5m x 60cm,Sports & Outdoor,30,1
28,c5da6d4bae5642bbbd12cc01178b06a6,1674611229,60,118.201.183.106,1241,Yoga Mat 2cm x 1.5m x 60cm,Sports & Outdoor,30,2
29,fc21b918014c4aa0a79657369612800c,1677164529,15,27.131.128.0,1241,Yoga Mat 2cm x 1.5m x 60cm,Sports & Outdoor,30,1
30,344c46ec56bd411da69ec14efc589c4b,1674186729,70,118.201.183.106,1241,Yoga Mat 2cm x 1.5m x 60cm,Sports & Outdoor,30,2
31,d64ccb32ae614acdabe9e890d5f1c42a,1676349393,67,118.201.183.106,1241,Yoga Mat 2cm x 1.5m x 60cm,Sports & Outdoor,30,1
32,e3655b0c8c9f4d918b82198782baab31,1673089589,46,118.201.183.106,1241,Yoga Mat 2cm x 1.5m x 60cm,Sports & Outdoor,30,2
33,6bc553ccbc654011adc7b02a363fa46f,1676856364,8,118.201.183.106,1239,YSL ROUGE VOLUPT SHINE,Beauty & Personal Care,90,1
34,fb9e302613d447dc980cafe2dcb3c4f9,1674891828,34,27.50.31.255,1239,YSL ROUGE VOLUPT SHINE,Beauty & Personal Care,90,1
35,f7ce3b8e0f854e3caf5a486c7210e6e9,1674661246,28,118.201.183.106,1239,YSL ROUGE VOLUPT SHINE,Beauty & Personal Care,90,2
36,961ae61c1ddd4cf8a900ab2de23a7fca,1674211718,3,27.79.255.255,1239,YSL ROUGE VOLUPT SHINE,Beauty & Personal Care,90,2
37,bbac15fa506148f9a7498ab3fc5309db,1676173795,66,27.131.128.0,1239,YSL ROUGE VOLUPT SHINE,Beauty & Personal Care,90,1
38,ca750b7ab9c8404ea9bfc4dbc177a7f4,1674605332,57,118.201.183.106,1239,YSL ROUGE VOLUPT SHINE,Beauty & Personal Care,90,2
39,d42d187ed29944c0b35540b946a2476a,1674013322,54,118.201.183.106,1239,YSL ROUGE VOLUPT SHINE,Beauty & Personal Care,90,3
40,dad1c58324b546dfb4ab367a70a33d84,1674367364,57,118.201.183.106,1239,YSL ROUGE VOLUPT SHINE,Beauty & Personal Care,90,3
41,6ec1d1f415f24994b43517d23782bc12,1676035061,55,1.32.127.255,1239,YSL ROUGE VOLUPT SHINE,Beauty & Personal Care,90,1
42,0d59397a2afa4d9faa18887fce629027,1677422528,33,118.201.183.106,1239,YSL ROUGE VOLUPT SHINE,Beauty & Personal Care,90,1
43,6320c50f84c74e9dada0277d2e7708c6,1674166685,69,118.201.183.106,1242,Stan Smith Green,Men's Apparel,70,1
44,a62b163c1092428fba225547d8a2c1c0,1673987076,5,27.131.128.0,1242,Stan Smith Green,Men's Apparel,70,1
45,ff6d25351fe14cc08a49deb04d32eee6,1677520454,24,27.131.128.0,1242,Stan Smith Green,Men's Apparel,70,1
46,97dbffd8d9e94d3db8b0f102aa4b0a27,1677314294,40,27.79.255.255,1242,Stan Smith Green,Men's Apparel,70,1
47,0b8c0000a0ea4e9d86fbe0e67374c430,1675631197,62,118.201.183.106,1242,Stan Smith Green,Men's Apparel,70,3
48,48c4f03f991940cea5a3bdad237137ed,1676169358,19,118.201.183.106,1242,Stan Smith Green,Men's Apparel,70,1
49,6c69a6787afd4bf5ad0280f11bec1503,1676763572,31,27.79.255.255,1242,Stan Smith Green,Men's Apparel,70,1
50,928fa1906c134e5b9d708bdfb38d8afe,1677499971,55,27.50.31.255,1242,Stan Smith Green,Men's Apparel,70,1
51,0968abf99be645848138b40c31465ef2,1673057646,57,27.50.31.255,1242,Stan Smith Green,Men's Apparel,70,2
52,e09dc31be64b48ef80127d9e9a3c46f2,1676733727,35,103.101.47.255,1242,Stan Smith Green,Men's Apparel,70,1
53,dbccfd8b2efc4614ba654cc15a6f62ad,1676210257,16,118.201.183.106,1242,Stan Smith Green,Men's Apparel,70,1
54,381e15c01e3549b384ad8999ca89541d,1673241348,68,27.131.128.0,1242,Stan Smith Green,Men's Apparel,70,1
55,008dfaa664714eab8fab4ec9310b7e73,1674033212,37,27.50.31.255,1242,Stan Smith Green,Men's Apparel,70,1
56,da93f2fb09f84ac4b0b871ebdf42be63,1675562216,21,118.201.183.106,1243,Cotton On Sundress,Women's Apparel,80,1
57,482f553a298345698339503054317ba1,1673485686,61,27.79.255.255,1243,Cotton On Sundress,Women's Apparel,80,2
58,58efb50bd71d4c6abda297585ee94c48,1675458462,20,103.101.47.255,1243,Cotton On Sundress,Women's Apparel,80,1
59,eeaef7f96c7c4dec9ffecac824c1b2f4,1676642634,9,118.201.183.106,1243,Cotton On Sundress,Women's Apparel,80,1
60,9e6612924d3947d6941a593dba2a2420,1672992597,28,118.201.183.106,1243,Cotton On Sundress,Women's Apparel,80,2
61,44ff5f5aa3a74e2e827188103910e9ae,1672971886,25,118.201.183.106,1243,Cotton On Sundress,Women's Apparel,80,1
62,5e3ae4d219ab4847828ad0bd4bc89d5d,1673022213,45,118.201.183.106,1243,Cotton On Sundress,Women's Apparel,80,2
63,41834e020eda4fa7b471cbbb14ecf1a1,1675162696,54,118.201.183.106,1243,Cotton On Sundress,Women's Apparel,80,2
64,d2211b44a6a14a2a82c330735800bcf2,1674305588,59,27.50.31.255,1243,Cotton On Sundress,Women's Apparel,80,1
65,bb2b708635b344b09e241e5c71ad3e41,1674324815,12,27.131.128.0,1240,JBL Surround Sound Speaker,Home Appliance,320,1
66,8e5ec145bc8044f3a4bf4952ca2d910b,1674035618,58,118.201.183.106,1240,JBL Surround Sound Speaker,Home Appliance,320,2
67,8f233701007f45d99d34eab9daabdfd9,1675466837,31,118.201.183.106,1240,JBL Surround Sound Speaker,Home Appliance,320,1
68,2f68c84413b84fdba8188699de371b2e,1674339706,49,27.131.128.0,1240,JBL Surround Sound Speaker,Home Appliance,320,1
69,b5c74a9de3244d9a876f600bb68bb81c,1673479313,26,118.201.183.106,1240,JBL Surround Sound Speaker,Home Appliance,320,3
70,58592e4f7bdb49f99e139681abba9cb1,1676697011,41,118.201.183.106,1240,JBL Surround Sound Speaker,Home Appliance,320,3
71,2c7b1efacb874f198d6637934d3fed8e,1673111064,68,27.50.31.255,1240,JBL Surround Sound Speaker,Home Appliance,320,2
72,812164a76e6a41c4a3baaa5533e905d2,1675894986,19,27.79.255.255,1235,Bose Speaker 3.0,Home Appliance,300,1
73,e088e69b18ca496fb470e091416ca38b,1675015865,26,27.79.255.255,1235,Bose Speaker 3.0,Home Appliance,300,1
74,d3e56a01ad834ba295b296fb11959190,1676572278,29,27.79.255.255,1235,Bose Speaker 3.0,Home Appliance,300,3
75,2d202eb89de145dfa2e45c244d6eaf50,1675304139,43,27.131.128.0,1235,Bose Speaker 3.0,Home Appliance,300,1
76,e4d2dad0f3ca4962845d2fc0b085cd2f,1675407389,50,118.201.183.106,1235,Bose Speaker 3.0,Home Appliance,300,3
77,fd34bc786ae14830b7cb3507787813fd,1676525671,28,27.79.255.255,1235,Bose Speaker 3.0,Home Appliance,300,1
78,7cddd15e4e3845e3b21ed54368c0e6bd,1675787327,69,27.79.255.255,1235,Bose Speaker 3.0,Home Appliance,300,3
79,ddfa2858da7c4c95b3ef98f9d30ced66,1676485664,14,118.201.183.106,1238,Tory Burch Ines Espadrille,Women's Apparel,200,1
80,0bf5e88bcf57457486840b83edd600c6,1676114283,14,27.79.255.255,1238,Tory Burch Ines Espadrille,Women's Apparel,200,1
81,fd88eea63a404214b517a09fef08b82f,1672973410,14,118.201.183.106,1238,Tory Burch Ines Espadrille,Women's Apparel,200,2
82,8297160179ff4807b64991e37aa4a5c5,1673544105,54,103.101.47.255,1238,Tory Burch Ines Espadrille,Women's Apparel,200,1
83,06d1ff4b075b4748aa71a5de465c00ec,1675670490,48,27.50.31.255,1238,Tory Burch Ines Espadrille,Women's Apparel,200,1
84,353eca074adf40a39bdec269fcff5596,1677298338,39,118.201.183.106,1238,Tory Burch Ines Espadrille,Women's Apparel,200,2
85,a48ef7995d174317a163017c95711be9,1675289051,70,27.79.255.255,1238,Tory Burch Ines Espadrille,Women's Apparel,200,3
86,6d97d7e65c524d9ba7856ed6c81ec96a,1674700255,39,118.201.183.106,1238,Tory Burch Ines Espadrille,Women's Apparel,200,1
87,bb75a43ad60e4d3e9c3f38a3238841fa,1674329071,24,118.201.183.106,1238,Tory Burch Ines Espadrille,Women's Apparel,200,1
88,6887408231af4e0e86446e8b1a56cac7,1677516684,9,27.79.255.255,1238,Tory Burch Ines Espadrille,Women's Apparel,200,1
89,d77dac42aa724b638f6d9ca9cab00bfd,1672772783,35,118.201.183.106,1238,Tory Burch Ines Espadrille,Women's Apparel,200,1
90,354a94c896ef4f3f979891260423e86b,1674512350,48,1.32.127.255,1234,L'Oreal Paris Shampoo,Beauty & Personal Care,40,1
91,054d5a6e771f4db3b2828d1de0117c80,1675974812,15,118.201.183.106,1234,L'Oreal Paris Shampoo,Beauty & Personal Care,40,3
92,f8397ebf1735417b892273706978ced0,1675103133,22,118.201.183.106,1234,L'Oreal Paris Shampoo,Beauty & Personal Care,40,2
93,710d5fd27fd7435bbfe573260e9cad2b,1673259934,70,103.101.47.255,1234,L'Oreal Paris Shampoo,Beauty & Personal Care,40,3
94,7346ec8ad47f484e9c000207e470d1c9,1674975295,11,118.201.183.106,1234,L'Oreal Paris Shampoo,Beauty & Personal Care,40,3
95,ef3ebbea87ba4d3abe9001de7b02a9c0,1674830936,26,27.79.255.255,1234,L'Oreal Paris Shampoo,Beauty & Personal Care,40,1
96,036e4190946e4ae89bc0e8357b2e7164,1673617347,67,1.32.127.255,1234,L'Oreal Paris Shampoo,Beauty & Personal Care,40,1
97,f872038efb8f4e4daf6c274259dd5146,1675317846,32,103.101.47.255,1234,L'Oreal Paris Shampoo,Beauty & Personal Care,40,1
98,e5562b0b793942cb93dcb2c0823740df,1672694447,70,118.201.183.106,1234,L'Oreal Paris Shampoo,Beauty & Personal Care,40,2
99,31574df0eabf41c0972e793a8f141c76,1672750772,23,1.32.127.255,1234,L'Oreal Paris Shampoo,Beauty & Personal Care,40,1
0,9536d12b00504681a164dafa29f6c8bb,1676457217,63,1.32.127.255,1234,L'Oreal Paris Shampoo,Beauty & Personal Care,40,2
1,298448d2641c45ae87a045e207db713a,1673065975,61,27.50.31.255,1234,L'Oreal Paris Shampoo,Beauty & Personal Care,40,1
2,b9641784e28145c7a296b6e1bc2f1463,1674675664,67,1.32.127.255,1234,L'Oreal Paris Shampoo,Beauty & Personal Care,40,1
3,82365aced5c74bc586ab5067c4c72274,1676519939,7,118.201.183.106,1234,L'Oreal Paris Shampoo,Beauty & Personal Care,40,1
4,d8a4220398224522aee3f3b5ef2ab9dc,1673847510,37,27.50.31.255,1234,L'Oreal Paris Shampoo,Beauty & Personal Care,40,3
5,3f38f775728a4fd2907a602042aa389c,1675482524,24,27.131.128.0,1234,L'Oreal Paris Shampoo,Beauty & Personal Care,40,2
6,d6cf187fd04b419f8c91618caa0b5be1,1673796023,29,1.32.127.255,1234,L'Oreal Paris Shampoo,Beauty & Personal Care,40,1
7,af765009983d4e268d231b65f7850d18,1677318971,5,118.201.183.106,1234,L'Oreal Paris Shampoo,Beauty & Personal Care,40,1
8,ab4c6989232d4fafab6517105e46fda3,1673772401,28,27.79.255.255,1234,L'Oreal Paris Shampoo,Beauty & Personal Care,40,2
9,5e9d400408b14d8cba5b19b58ec0c163,1673756191,11,1.32.127.255,1234,L'Oreal Paris Shampoo,Beauty & Personal Care,40,1
10,9bf7bf76feb24fd983da5cd261102d04,1676412328,41,27.79.255.255,1234,L'Oreal Paris Shampoo,Beauty & Personal Care,40,2
11,b5e555b328084e809c1c6d6bec13d1e8,1675460805,29,27.50.31.255,1234,L'Oreal Paris Shampoo,Beauty & Personal Care,40,1
12,c5bc08cceaf348ea85f9940a82ec0a63,1675975015,42,27.50.31.255,1234,L'Oreal Paris Shampoo,Beauty & Personal Care,40,2
13,3fffab0e5ddb4d3bb9f43cb6e0c76f64,1677347865,9,27.50.31.255,1234,L'Oreal Paris Shampoo,Beauty & Personal Care,40,1
14,2a14043747ac4ba89ba95dfdb077ae59,1673576243,17,1.32.127.255,1234,L'Oreal Paris Shampoo,Beauty & Personal Care,40,2
15,c15aedc83d14463a961f969bdc397e0e,1673490466,34,118.201.183.106,1234,L'Oreal Paris Shampoo,Beauty & Personal Care,40,1
16,aebaae4bee1347c6ac7af446bb3fec75,1676928363,68,27.50.31.255,1234,L'Oreal Paris Shampoo,Beauty & Personal Care,40,1
17,3a2c42e2cf504047959215de81c7abb6,1673208326,63,27.79.255.255,1240,JBL Surround Sound Speaker,Home Appliance,320,1
18,44b566b41d7d4b7eacfc0e10625638f2,1674320403,30,1.32.127.255,1240,JBL Surround Sound Speaker,Home Appliance,320,1
19,da93ff0b1efd4f42b3c345c803ff1b03,1673725773,15,27.50.31.255,1240,JBL Surround Sound Speaker,Home Appliance,320,3
20,5031b8b1e9ce4845b322bc01374d99ec,1676693457,48,27.50.31.255,1240,JBL Surround Sound Speaker,Home Appliance,320,1
21,845e327ff0b14432be7e14c72d2eb1ed,1673522418,38,27.79.255.255,1240,JBL Surround Sound Speaker,Home Appliance,320,3
22,f9dd0a36858d4d97acdedaad6bfa94de,1676588124,56,27.50.31.255,1240,JBL Surround Sound Speaker,Home Appliance,320,2
23,eb6775d9b1ce4e58ad8aa2bda7ab1c50,1676531579,30,118.201.183.106,1240,JBL Surround Sound Speaker,Home Appliance,320,1
24,ca9790fb44634832a6da602307ed4571,1675720296,37,118.201.183.106,1240,JBL Surround Sound Speaker,Home Appliance,320,1
25,502f5c72a16143a2b0c4ce24b80f57e3,1672883405,43,118.201.183.106,1240,JBL Surround Sound Speaker,Home Appliance,320,1
26,ab2f3aac536040d9b209a10f8b5fda8b,1672767996,70,27.50.31.255,1240,JBL Surround Sound Speaker,Home Appliance,320,2
27,1474e237bcd54861b32125971bf5b8c0,1673587441,18,27.50.31.255,1240,JBL Surround Sound Speaker,Home Appliance,320,1
28,90b0587d62c24f3c97a30654f8d48271,1673281103,34,1.32.127.255,1240,JBL Surround Sound Speaker,Home Appliance,320,1
29,df06f0fc74b943f295facf34f94196b3,1673598535,19,118.201.183.106,1240,JBL Surround Sound Speaker,Home Appliance,320,2
30,5878c57e98af4646aacbc926d368496a,1675138140,25,27.50.31.255,1240,JBL Surround Sound Speaker,Home Appliance,320,2
31,73e056b69cda4328a741f878555ee9dc,1674372083,44,27.131.128.0,1240,JBL Surround Sound Speaker,Home Appliance,320,2
32,26c308228b1c417f8586188518c61656,1673720178,69,118.201.183.106,1240,JBL Surround Sound Speaker,Home Appliance,320,1
33,b727bc26af3c42c487aa37d66ba2712d,1672556286,3,27.131.128.0,1240,JBL Surround Sound Speaker,Home Appliance,320,2
34,d0e8a49461c445e0966b15bad6ae668b,1673412598,31,1.32.127.255,1235,Bose Speaker 3.0,Home Appliance,300,1
35,df0eaf04bf2c4529a930da7417c1d2d4,1676980998,5,1.32.127.255,1235,Bose Speaker 3.0,Home Appliance,300,1
36,5f0890bc6e5941ac963ec85f28f5eb43,1677179480,24,118.201.183.106,1235,Bose Speaker 3.0,Home Appliance,300,1
37,8cb51129d9d84bf5814af828cccf03c3,1673662385,38,103.101.47.255,1235,Bose Speaker 3.0,Home Appliance,300,1
38,8e87595ad75d422c8068ab888b4f4e31,1676032750,58,27.79.255.255,1235,Bose Speaker 3.0,Home Appliance,300,1
39,359a2bcda35e460fa8696c0011e80c7c,1674163858,25,118.201.183.106,1235,Bose Speaker 3.0,Home Appliance,300,1
40,1c3e2fce8ff042389981026237571083,1676292779,26,1.32.127.255,1235,Bose Speaker 3.0,Home Appliance,300,1
41,c002edd5d60b4d8a88b75452d6d7f899,1675589306,6,1.32.127.255,1235,Bose Speaker 3.0,Home Appliance,300,1
42,63263260d9314c97b13898d93bf18685,1673780058,24,27.50.31.255,1235,Bose Speaker 3.0,Home Appliance,300,1
43,e4ed63973ce344cd8fcd1b1975105350,1675751558,11,27.79.255.255,1235,Bose Speaker 3.0,Home Appliance,300,3
44,bf9b75cdc0aa4b5d9d4e6da09d50e248,1675576340,59,118.201.183.106,1235,Bose Speaker 3.0,Home Appliance,300,1
45,533aa41678634879b1622db9863c46cd,1676812419,51,118.201.183.106,1235,Bose Speaker 3.0,Home Appliance,300,2
46,276a43a762fb40d8b27da5f19a07eb76,1673149314,21,1.32.127.255,1235,Bose Speaker 3.0,Home Appliance,300,2
47,a8770a03935f47298ea90223f670e806,1676257514,14,27.50.31.255,1235,Bose Speaker 3.0,Home Appliance,300,1
48,4cc38b4306914ef08967df48e5a9d59f,1675043677,15,118.201.183.106,1235,Bose Speaker 3.0,Home Appliance,300,1
49,8b7bb068acb8450fb909a2e63c9d2d2f,1677055470,53,118.201.183.106,1235,Bose Speaker 3.0,Home Appliance,300,1
50,a1231d094f534da2ab3e3343d8267506,1676366167,21,118.201.183.106,1235,Bose Speaker 3.0,Home Appliance,300,1
51,bc8c8b12cf04455aa4076be000f9d8ff,1677036348,7,27.50.31.255,1235,Bose Speaker 3.0,Home Appliance,300,2
52,1204eb99c5254dca8e1ac90fe6eaf0eb,1674619507,31,27.79.255.255,1235,Bose Speaker 3.0,Home Appliance,300,3
53,17b0d9fd628b44fd9c08fb630680bdcc,1675349066,24,27.79.255.255,1235,Bose Speaker 3.0,Home Appliance,300,2
54,6876e76f54824d70ae4cfc684d34f378,1673809497,26,118.201.183.106,1235,Bose Speaker 3.0,Home Appliance,300,2
55,8cd659151c5e42f09c621aa18e92b38e,1677022096,65,27.79.255.255,1235,Bose Speaker 3.0,Home Appliance,300,3
56,d25c88eec57f49d2b85902df9ca97926,1675172646,39,27.131.128.0,1235,Bose Speaker 3.0,Home Appliance,300,2
57,3ef94890bc6e476ba20e7bb4fc4b2185,1674405916,21,27.79.255.255,1235,Bose Speaker 3.0,Home Appliance,300,2
58,092f9df5c2ca4653b362e42cd6c6dc32,1674984881,26,27.50.31.255,1235,Bose Speaker 3.0,Home Appliance,300,1
59,1327d624ad08419c9b30134b180dbeab,1676067365,25,118.201.183.106,1235,Bose Speaker 3.0,Home Appliance,300,1
60,af93b06f35e144b18b3688fb3327729c,1674020155,7,1.32.127.255,1235,Bose Speaker 3.0,Home Appliance,300,2
61,41d5bff580f04a939ca51137956114f1,1673390697,28,27.79.255.255,1235,Bose Speaker 3.0,Home Appliance,300,2
62,09d594ad85344a8b95d01b020dbdb251,1674172259,48,27.79.255.255,1235,Bose Speaker 3.0,Home Appliance,300,1
63,db0752a86ff3429f923e87b5c9bec15c,1673879568,13,27.50.31.255,1235,Bose Speaker 3.0,Home Appliance,300,1
64,40161944ed3044989ffe99e3086af1c3,1675009466,37,118.201.183.106,1235,Bose Speaker 3.0,Home Appliance,300,1
65,7eb28a0c1eac48adb1f56ed4c0e5b1de,1673156409,53,103.101.47.255,1235,Bose Speaker 3.0,Home Appliance,300,3
66,7cd1fce8618745f588f9878781c59e03,1672913573,41,27.131.128.0,1235,Bose Speaker 3.0,Home Appliance,300,2
67,0d95e17ca9f94ae1b36674c787ed4d6a,1677113031,50,118.201.183.106,1235,Bose Speaker 3.0,Home Appliance,300,1
68,82f5331d2445470a9ab102a24236d3c4,1675536105,34,118.201.183.106,1235,Bose Speaker 3.0,Home Appliance,300,2
69,7cdc778c46d34f7ebff83f0bef735f2b,1677207664,19,118.201.183.106,1241,Yoga Mat 2cm x 1.5m x 60cm,Sports & Outdoor,30,2
70,9cb99ec5f24d49018e5fcf1aeb1ddfde,1672688789,62,27.50.31.255,1241,Yoga Mat 2cm x 1.5m x 60cm,Sports & Outdoor,30,1
71,818bfe81027e400890bc4523cdcd0cdd,1677175270,8,27.50.31.255,1241,Yoga Mat 2cm x 1.5m x 60cm,Sports & Outdoor,30,2
72,1f11c655fc434d17a5b75731b9d4f2b1,1675820378,66,1.32.127.255,1241,Yoga Mat 2cm x 1.5m x 60cm,Sports & Outdoor,30,2
73,4340625118dc4c7eabf718c741d24a21,1674368965,25,27.131.128.0,1241,Yoga Mat 2cm x 1.5m x 60cm,Sports & Outdoor,30,2
74,13f6d63f79d54e4c8e8094f86d7ca87f,1673425318,56,118.201.183.106,1241,Yoga Mat 2cm x 1.5m x 60cm,Sports & Outdoor,30,2
75,b06561dff2a84a5f8f983fd985f91419,1673133888,23,118.201.183.106,1241,Yoga Mat 2cm x 1.5m x 60cm,Sports & Outdoor,30,1
76,b59e2f95a4304469b6d4cd0781652325,1676013625,57,27.79.255.255,1241,Yoga Mat 2cm x 1.5m x 60cm,Sports & Outdoor,30,1
77,e27ac4e4fb0e4ad5bab2ecc0c4876348,1673589890,43,118.201.183.106,1241,Yoga Mat 2cm x 1.5m x 60cm,Sports & Outdoor,30,1
78,4c962c2e88a0440299a3e63c423fa261,1672570932,68,118.201.183.106,1241,Yoga Mat 2cm x 1.5m x 60cm,Sports & Outdoor,30,1
79,9203c0f6562143978731c3048c6fbb26,1675906717,26,27.50.31.255,1241,Yoga Mat 2cm x 1.5m x 60cm,Sports & Outdoor,30,3
80,a3c61c4d82ad418d830d2995b6075bad,1677209324,24,103.101.47.255,1241,Yoga Mat 2cm x 1.5m x 60cm,Sports & Outdoor,30,1
81,f02a680f76c941e6b02876d669c61df7,1673282588,69,1.32.127.255,1241,Yoga Mat 2cm x 1.5m x 60cm,Sports & Outdoor,30,1
82,55ad82dc090c42fe8d0e288e139c9587,1673492210,56,118.201.183.106,1241,Yoga Mat 2cm x 1.5m x 60cm,Sports & Outdoor,30,2
83,ec2d7d33f0a548288bad36979a690fa3,1672701557,38,27.131.128.0,1241,Yoga Mat 2cm x 1.5m x 60cm,Sports & Outdoor,30,2
84,6cc596ecbfc74e0782f97f95e261ecd3,1673732033,48,118.201.183.106,1241,Yoga Mat 2cm x 1.5m x 60cm,Sports & Outdoor,30,1
85,a75cdc2d72734f65bf6cceb7b298c98d,1676043844,29,27.50.31.255,1241,Yoga Mat 2cm x 1.5m x 60cm,Sports & Outdoor,30,1
86,4b438754062c43779633bbf445493aed,1674963536,30,1.32.127.255,1241,Yoga Mat 2cm x 1.5m x 60cm,Sports & Outdoor,30,1
87,ff5b9fc166f44c56934bacec707ea46f,1674502615,26,27.50.31.255,1241,Yoga Mat 2cm x 1.5m x 60cm,Sports & Outdoor,30,2
88,b4995fd07a9549a9a2d4bdcce305cd01,1676940342,44,27.79.255.255,1241,Yoga Mat 2cm x 1.5m x 60cm,Sports & Outdoor,30,1
89,da50c7228405483fb8c5b7e52b6ceda0,1674767518,14,1.32.127.255,1241,Yoga Mat 2cm x 1.5m x 60cm,Sports & Outdoor,30,1
90,d8205eb503d54b61b0367b12f713805f,1673772443,23,27.131.128.0,1241,Yoga Mat 2cm x 1.5m x 60cm,Sports & Outdoor,30,2
91,e753f321545b410b9b5955bf992c6942,1674542851,27,118.201.183.106,1241,Yoga Mat 2cm x 1.5m x 60cm,Sports & Outdoor,30,1
92,fde87f15b2e3420da6bb82a79ae78382,1673176032,64,1.32.127.255,1241,Yoga Mat 2cm x 1.5m x 60cm,Sports & Outdoor,30,2
93,0f3abf2d80794e1eb45a55f1d87903c9,1676582649,9,118.201.183.106,1241,Yoga Mat 2cm x 1.5m x 60cm,Sports & Outdoor,30,1
94,5dc7d1d6d63d40b19a01a8306fad60da,1675454168,69,27.131.128.0,1241,Yoga Mat 2cm x 1.5m x 60cm,Sports & Outdoor,30,1
95,6a670a7dfaa94059a60c814522180bc8,1676495479,35,27.79.255.255,1241,Yoga Mat 2cm x 1.5m x 60cm,Sports & Outdoor,30,1
96,51f94d4c97134f0fa3c66c3fc0ff6baf,1673414275,33,118.201.183.106,1241,Yoga Mat 2cm x 1.5m x 60cm,Sports & Outdoor,30,1
97,aa779c7e0109442ab9f7ddb656766674,1674662537,25,27.131.128.0,1241,Yoga Mat 2cm x 1.5m x 60cm,Sports & Outdoor,30,1
98,4461760d02394a8798e6573daf380e59,1672987924,40,27.50.31.255,1241,Yoga Mat 2cm x 1.5m x 60cm,Sports & Outdoor,30,1
99,45160a62f7df41339393a3ab7a0a6a43,1675544115,46,118.201.183.106,1241,Yoga Mat 2cm x 1.5m x 60cm,Sports & Outdoor,30,2
100,637016b097e74389ac9d04585e9c1f8f,1673534616,59,118.201.183.106,1241,Yoga Mat 2cm x 1.5m x 60cm,Sports & Outdoor,30,1
101,19bfa7c4d20e4d3eaf7edcd8e539e95d,1674730420,65,118.201.183.106,1241,Yoga Mat 2cm x 1.5m x 60cm,Sports & Outdoor,30,1
102,6ecedb677d614e56a7f25af539cf2bc1,1674427290,30,27.50.31.255,1241,Yoga Mat 2cm x 1.5m x 60cm,Sports & Outdoor,30,2
103,6de8b92674df4784b8931422a8d762e9,1674666885,35,27.131.128.0,1241,Yoga Mat 2cm x 1.5m x 60cm,Sports & Outdoor,30,1
104,3c667f700f6f4c13a855b638925fe31a,1672734095,38,27.131.128.0,1241,Yoga Mat 2cm x 1.5m x 60cm,Sports & Outdoor,30,1
105,416695a1f13d4d44a2a14a4789989432,1677296640,49,27.79.255.255,1239,YSL ROUGE VOLUPT SHINE,Beauty & Personal Care,90,1
106,e6c79ecf57d6481da963f210826cac06,1674796866,3,118.201.183.106,1239,YSL ROUGE VOLUPT SHINE,Beauty & Personal Care,90,3
107,f6caf8ba39454c659a9d5820419c6cc7,1673323586,58,1.32.127.255,1239,YSL ROUGE VOLUPT SHINE,Beauty & Personal Care,90,2
108,b5045c131e24464a86ca564988590ad3,1672811943,64,118.201.183.106,1239,YSL ROUGE VOLUPT SHINE,Beauty & Personal Care,90,2
109,cf4b18d147f447f197820567a1c97283,1676802167,32,1.32.127.255,1239,YSL ROUGE VOLUPT SHINE,Beauty & Personal Care,90,1
110,9d21e78e47594307bca50ab774957dc5,1676871285,15,27.50.31.255,1239,YSL ROUGE VOLUPT SHINE,Beauty & Personal Care,90,2
111,1be2d4be79064a02a9fec292712eb94a,1674469274,23,118.201.183.106,1239,YSL ROUGE VOLUPT SHINE,Beauty & Personal Care,90,2
112,dd6f2539c0d344a48243e5c33c06e18a,1673015542,26,118.201.183.106,1239,YSL ROUGE VOLUPT SHINE,Beauty & Personal Care,90,2
113,d397f3d7311c4019855d5afd723621fb,1675992080,49,27.79.255.255,1239,YSL ROUGE VOLUPT SHINE,Beauty & Personal Care,90,2
114,23077e47f4f54b91840dcbae285674b9,1677445701,20,118.201.183.106,1239,YSL ROUGE VOLUPT SHINE,Beauty & Personal Care,90,1
115,261272acd52441eab5f0c9036ff9c7d2,1672784936,16,27.50.31.255,1239,YSL ROUGE VOLUPT SHINE,Beauty & Personal Care,90,3
116,da9ffe7b62e04b8183d70905563ea9a4,1676037410,12,27.79.255.255,1239,YSL ROUGE VOLUPT SHINE,Beauty & Personal Care,90,1
117,0735e238670d45ebbdb55f2365227c4c,1674356490,18,1.32.127.255,1239,YSL ROUGE VOLUPT SHINE,Beauty & Personal Care,90,3
118,46360970fd4949f29ee52b6d07691ca8,1672592475,21,27.79.255.255,1239,YSL ROUGE VOLUPT SHINE,Beauty & Personal Care,90,1
119,4336fa00d5bd4a2f89d7d003c12391d7,1675682061,62,27.50.31.255,1239,YSL ROUGE VOLUPT SHINE,Beauty & Personal Care,90,1
120,9bb370560f5142858603624239b70b3f,1673285637,41,118.201.183.106,1239,YSL ROUGE VOLUPT SHINE,Beauty & Personal Care,90,1
121,b602cc945e514caca502d4c60af4573c,1673634938,32,1.32.127.255,1239,YSL ROUGE VOLUPT SHINE,Beauty & Personal Care,90,1
122,adf093b88b9e4b8599ca04a18d416561,1676311249,48,118.201.183.106,1239,YSL ROUGE VOLUPT SHINE,Beauty & Personal Care,90,2
123,f76ac906fb9143c99d52bf6078fcad3c,1675123494,68,118.201.183.106,1239,YSL ROUGE VOLUPT SHINE,Beauty & Personal Care,90,3
124,eb7d4bf13edb4f54ad8109142c318a32,1673309285,55,118.201.183.106,1239,YSL ROUGE VOLUPT SHINE,Beauty & Personal Care,90,1
125,6140b83421ff4237b6b1de0643cdd158,1676972009,7,27.50.31.255,1239,YSL ROUGE VOLUPT SHINE,Beauty & Personal Care,90,1
126,cc9db1f45fa14e979ff0d16ea85bdc7f,1677141739,26,118.201.183.106,1239,YSL ROUGE VOLUPT SHINE,Beauty & Personal Care,90,1
127,1fd1967ec3d14906baf5ad3f7eb61521,1675895489,27,118.201.183.106,1238,Tory Burch Ines Espadrille,Women's Apparel,200,2
128,fbe61b8e84c64b9cb40035249976f9ce,1674839866,37,27.50.31.255,1238,Tory Burch Ines Espadrille,Women's Apparel,200,1
129,ec9ad28ddf8b4dbe93624a63c5d9153e,1674439766,39,118.201.183.106,1238,Tory Burch Ines Espadrille,Women's Apparel,200,1
130,8c9c1115149b4fe7a1b7dd4cfd3f7cbf,1675437164,60,27.50.31.255,1238,Tory Burch Ines Espadrille,Women's Apparel,200,3
131,6d5e2884fa5e4839beed90004d48e076,1676601002,66,27.79.255.255,1238,Tory Burch Ines Espadrille,Women's Apparel,200,3
132,a7495334fe8844c195832661ff584f62,1675306880,65,118.201.183.106,1238,Tory Burch Ines Espadrille,Women's Apparel,200,1
133,e8dbdaa9e6f44a1993449405ccd927b9,1677083826,12,27.50.31.255,1238,Tory Burch Ines Espadrille,Women's Apparel,200,1
134,e1f233a59961419eacb7cd8f9bb47f74,1674367228,6,1.32.127.255,1238,Tory Burch Ines Espadrille,Women's Apparel,200,3
135,98127b6967144dfd87df0e205ca8152d,1675903231,33,103.101.47.255,1238,Tory Burch Ines Espadrille,Women's Apparel,200,3
136,ffd2b42b57ee43fd889a7ebc4eb210b6,1673241916,40,118.201.183.106,1238,Tory Burch Ines Espadrille,Women's Apparel,200,2
137,c284da80a62441cfb497a27efc7e88ef,1676779429,23,118.201.183.106,1238,Tory Burch Ines Espadrille,Women's Apparel,200,1
138,e57d85af40a34ac9bc9a1aefe5f22aad,1675993920,31,1.32.127.255,1238,Tory Burch Ines Espadrille,Women's Apparel,200,1
139,b3832a7a94bb4341b7aa723eea124e41,1675620409,18,27.79.255.255,1238,Tory Burch Ines Espadrille,Women's Apparel,200,1
140,90850969dbd34f46b70da55ffbe94c69,1674632520,13,1.32.127.255,1238,Tory Burch Ines Espadrille,Women's Apparel,200,2
141,788c31b2d3b04a8ab0f46b3cf117c1fa,1673437652,48,118.201.183.106,1238,Tory Burch Ines Espadrille,Women's Apparel,200,1
142,aa49260467bf45b788627d0da93b2737,1676585132,37,1.32.127.255,1238,Tory Burch Ines Espadrille,Women's Apparel,200,1
143,927472503c8b40fd84ed858efec64969,1676521663,5,118.201.183.106,1238,Tory Burch Ines Espadrille,Women's Apparel,200,1
144,77507fa93a5d4482b243c11aa3a34db8,1676539694,61,118.201.183.106,1238,Tory Burch Ines Espadrille,Women's Apparel,200,1
145,3f4f61b8c7084f5ea75f8ff015489b63,1677284624,58,27.131.128.0,1238,Tory Burch Ines Espadrille,Women's Apparel,200,2
146,612140b45737414eabcbda9bca1b6d00,1677251067,24,118.201.183.106,1238,Tory Burch Ines Espadrille,Women's Apparel,200,2
147,6c48fedead574db49a0e99cb8989fef1,1672556852,50,27.50.31.255,1238,Tory Burch Ines Espadrille,Women's Apparel,200,1
148,adaa144718bf4545ae0b992dc78734b9,1672577687,64,118.201.183.106,1238,Tory Burch Ines Espadrille,Women's Apparel,200,3
149,1936fb1482744f079cdc9e39e38234c3,1673034956,28,27.50.31.255,1238,Tory Burch Ines Espadrille,Women's Apparel,200,1
150,c9b21ef52af84bbda9a1f37b19e53bbc,1677347175,35,27.79.255.255,1238,Tory Burch Ines Espadrille,Women's Apparel,200,2
151,fe9baacf966e418da49bfac2195aacc5,1675970024,25,27.79.255.255,1238,Tory Burch Ines Espadrille,Women's Apparel,200,1
152,5325b5039c9e4338a9b65983984cb317,1672566371,32,103.101.47.255,1238,Tory Burch Ines Espadrille,Women's Apparel,200,1
153,6fece29a42c64b8c982874a842618fef,1675662767,66,1.32.127.255,1238,Tory Burch Ines Espadrille,Women's Apparel,200,1
154,61647bbf89f84b20a9342a7d3ec31044,1676447293,6,27.79.255.255,1238,Tory Burch Ines Espadrille,Women's Apparel,200,3
155,7dc7f04efe1f4028ba12d2d4df15a681,1673039259,56,118.201.183.106,1238,Tory Burch Ines Espadrille,Women's Apparel,200,1
156,1518d3c282a84693a3af5f1ec983a22c,1675131505,50,118.201.183.106,1243,Cotton On Sundress,Women's Apparel,80,1
157,6ecb12336fc64eca97b5eb932bee041b,1675695258,15,27.50.31.255,1243,Cotton On Sundress,Women's Apparel,80,1
158,7bf9957745b2458bb75b440580cb2382,1676981364,12,118.201.183.106,1243,Cotton On Sundress,Women's Apparel,80,1
159,9fa99330185d476fa83f878860c08ace,1673620842,30,27.50.31.255,1243,Cotton On Sundress,Women's Apparel,80,1
160,0faefcd516244b339cabcce921c3d843,1676657401,44,27.79.255.255,1243,Cotton On Sundress,Women's Apparel,80,2
161,47a4bf5c8d794c68837b97ec45dfc776,1677246025,20,118.201.183.106,1243,Cotton On Sundress,Women's Apparel,80,1
162,87aa67a1a0bf40bc9edcd25882a642c3,1674059648,58,27.50.31.255,1243,Cotton On Sundress,Women's Apparel,80,1
163,2c43cde132de48059d5bb41eee1165be,1674378161,47,118.201.183.106,1243,Cotton On Sundress,Women's Apparel,80,3
164,b547d20c14ea4925a518945ba488855d,1672884231,21,27.79.255.255,1243,Cotton On Sundress,Women's Apparel,80,2
165,29e4c4648d1b47f5bfacb36950c1dc50,1676075999,51,1.32.127.255,1243,Cotton On Sundress,Women's Apparel,80,2
166,2d715564040b45cb96313a114bcbade9,1674528375,18,118.201.183.106,1243,Cotton On Sundress,Women's Apparel,80,2
167,2438fd1a20244fad9fdc618ef49d3d6b,1675968536,62,1.32.127.255,1243,Cotton On Sundress,Women's Apparel,80,1
168,c86dc5b1b8064f79a3876a041279958c,1674871912,70,103.101.47.255,1243,Cotton On Sundress,Women's Apparel,80,1
169,8911acd23dfc419cbb967c479e38a7e6,1675378462,17,27.131.128.0,1243,Cotton On Sundress,Women's Apparel,80,1
170,624a2680fa544432be5d552fd75f4aea,1674917401,34,27.50.31.255,1243,Cotton On Sundress,Women's Apparel,80,1
171,881e5285765645c7932247937d1a4591,1677225528,42,118.201.183.106,1243,Cotton On Sundress,Women's Apparel,80,2
172,010a642e6a8a47b9aec7a47e594a50d9,1674652528,37,1.32.127.255,1243,Cotton On Sundress,Women's Apparel,80,1
173,3c463221c2294891abdb718ece539246,1673042174,35,103.101.47.255,1243,Cotton On Sundress,Women's Apparel,80,1
174,7bd6c97c0f5f45d9956242852ce77e38,1673993216,43,118.201.183.106,1243,Cotton On Sundress,Women's Apparel,80,1
175,63b53882a1f6450082b82386b8e26c04,1673821510,41,1.32.127.255,1243,Cotton On Sundress,Women's Apparel,80,3
176,a5cd81b3a38c447cb9b1875e18570139,1675935217,13,27.79.255.255,1243,Cotton On Sundress,Women's Apparel,80,2
177,29e28923eb07419fa3a9c8d0b0b5b4dc,1675580695,28,27.50.31.255,1243,Cotton On Sundress,Women's Apparel,80,1
178,02fc08ed8c874e86a181b9abada6e841,1675041134,39,118.201.183.106,1243,Cotton On Sundress,Women's Apparel,80,2
179,0efd32b1b8c0478fb43cf327d58e0bdb,1675618873,34,118.201.183.106,1243,Cotton On Sundress,Women's Apparel,80,1
180,9532ff13a2f74ee68c2e550871bd961c,1675930374,3,103.101.47.255,1243,Cotton On Sundress,Women's Apparel,80,1
181,0b56bdfb29014456ae3fe202c3615bb6,1675659603,34,1.32.127.255,1243,Cotton On Sundress,Women's Apparel,80,1
182,89ee445fac8247a38f1ec07290af6516,1674780101,21,103.101.47.255,1243,Cotton On Sundress,Women's Apparel,80,1
183,ec6c2ffd43524979866bcb0a0b51e724,1676132219,30,27.131.128.0,1236,Camping Tent,Sports & Outdoor,50,1
184,c58eac5983b34a4586f69ac82a076750,1677400008,17,118.201.183.106,1236,Camping Tent,Sports & Outdoor,50,2
185,132b632c03ca471d9ad9621ac74ac451,1675739672,23,27.131.128.0,1236,Camping Tent,Sports & Outdoor,50,2
186,fc9193ad0fc144388701e7bd0539328d,1674140689,53,27.50.31.255,1236,Camping Tent,Sports & Outdoor,50,1
187,d9840c0eada44960a8df8c90fc6f9ba3,1676298590,34,118.201.183.106,1236,Camping Tent,Sports & Outdoor,50,1
188,21fd8cfa273d48698cefd304955eaa4f,1674761401,22,118.201.183.106,1236,Camping Tent,Sports & Outdoor,50,1
189,3a6eea03ffac4bcd953e3574b68f7b88,1677491967,40,103.101.47.255,1236,Camping Tent,Sports & Outdoor,50,1
190,92c33e754c4d4f3f9ba1dc224fa5d7f6,1675798086,27,118.201.183.106,1236,Camping Tent,Sports & Outdoor,50,1
191,d9170c38cc7140c7a989f7f37bce44f3,1675214546,67,1.32.127.255,1236,Camping Tent,Sports & Outdoor,50,2
192,52f239b653764cf5b8b77e35392312c9,1674028459,11,118.201.183.106,1236,Camping Tent,Sports & Outdoor,50,1
193,9a9a6d9d7a06492fb2a6cd5b2cc9404a,1673256685,58,27.131.128.0,1236,Camping Tent,Sports & Outdoor,50,3
194,41eb7ab54afb45e4b26ea2b4d744cf6e,1676292640,68,1.32.127.255,1236,Camping Tent,Sports & Outdoor,50,3
195,6a8b9a407411442d9e072535e36dc9f1,1676629474,34,27.50.31.255,1236,Camping Tent,Sports & Outdoor,50,1
196,6754cd921e7a4985a16a6ae5524a3025,1674698835,11,118.201.183.106,1236,Camping Tent,Sports & Outdoor,50,1
197,6c177615e48c49ffb5fe7ba107100f6a,1676658263,28,118.201.183.106,1236,Camping Tent,Sports & Outdoor,50,3
198,9d0782f04de54899aaba954bd907dd8c,1673354313,63,27.79.255.255,1236,Camping Tent,Sports & Outdoor,50,1
199,63569a4c604f4917bed62fd31e740bfd,1676211453,52,118.201.183.106,1236,Camping Tent,Sports & Outdoor,50,2
200,d072b58046374a6cbfc1d1c2114e405b,1672770278,41,118.201.183.106,1236,Camping Tent,Sports & Outdoor,50,2
201,e22a85801810436ba478147ba3553aa9,1674701325,10,118.201.183.106,1236,Camping Tent,Sports & Outdoor,50,2
202,f0f9616c9a9548e9abce854b11c49285,1673731294,57,118.201.183.106,1236,Camping Tent,Sports & Outdoor,50,1
203,d75b78f82e4545a6bdf2181db2db94cf,1673610017,40,1.32.127.255,1236,Camping Tent,Sports & Outdoor,50,1
204,0b3015d3f6c5487b916edd53b19737c7,1673398401,6,118.201.183.106,1236,Camping Tent,Sports & Outdoor,50,2
205,ff5ac09ab3544cc29650b97de2405ca5,1674220906,27,118.201.183.106,1236,Camping Tent,Sports & Outdoor,50,1
206,606c1d278a644bf0b760636b5419e4f2,1674672052,69,27.79.255.255,1236,Camping Tent,Sports & Outdoor,50,2
207,0975052ba7e34a1fa61681eed2f62afd,1675314499,42,27.50.31.255,1236,Camping Tent,Sports & Outdoor,50,2
208,66ad2b2461db4d61a5831d8bc5b079aa,1676825443,30,118.201.183.106,1236,Camping Tent,Sports & Outdoor,50,1
209,903f770f0faf4b02841f423a9162638c,1675356125,29,118.201.183.106,1236,Camping Tent,Sports & Outdoor,50,3
210,ce9a9fcf1d4b4e87ab505a0fb81a27b5,1677021958,35,118.201.183.106,1242,Stan Smith Green,Men's Apparel,70,1
211,fdaeeda3a3b448308905bd831ad8757a,1673304218,28,27.131.128.0,1242,Stan Smith Green,Men's Apparel,70,3
212,b8f784398b074e10ae7ccb2be9af6d3c,1674449240,5,118.201.183.106,1242,Stan Smith Green,Men's Apparel,70,1
213,1fb9cc72e92446c6b76df66a0ffe3ae7,1674981003,62,118.201.183.106,1242,Stan Smith Green,Men's Apparel,70,3
214,9b7488edba3046b594100f9a258cb89e,1675363602,43,103.101.47.255,1242,Stan Smith Green,Men's Apparel,70,1
215,342a5c550ba4464e95dec82aef7c74cb,1675982402,53,103.101.47.255,1242,Stan Smith Green,Men's Apparel,70,2
216,875448e346d944bab40ec1e5419c439c,1677051042,23,27.131.128.0,1242,Stan Smith Green,Men's Apparel,70,2
217,685d63dcfef4449a94a87df7d3bde6ce,1673454310,62,1.32.127.255,1242,Stan Smith Green,Men's Apparel,70,1
218,ec6fc73b261948b48d5d64bb1f8d7085,1673841961,10,27.50.31.255,1242,Stan Smith Green,Men's Apparel,70,3
219,329925a007ce4fa1a997fb0bb0ce9155,1676155924,16,27.50.31.255,1242,Stan Smith Green,Men's Apparel,70,1
220,ca446375856849289fc80c71ae2c60ad,1676991064,4,118.201.183.106,1242,Stan Smith Green,Men's Apparel,70,1
221,3a8a8ccbf05748a185d87cef9810c377,1674299639,54,27.131.128.0,1242,Stan Smith Green,Men's Apparel,70,1
222,f76ba3ce7c09453bac7387a343da5c40,1676967043,70,118.201.183.106,1242,Stan Smith Green,Men's Apparel,70,1
223,1c28ea911b2b46179781832cfc3434f4,1676248351,28,118.201.183.106,1242,Stan Smith Green,Men's Apparel,70,2
224,1105417a8a914ab68f85e3d6191fd4c5,1677202630,57,118.201.183.106,1242,Stan Smith Green,Men's Apparel,70,1
225,76a60c593e7143e6862ba7ea8ed32367,1677179232,62,27.79.255.255,1242,Stan Smith Green,Men's Apparel,70,2
226,57fbe5aaff9b41dfa2646f0e8e18df0f,1673823949,25,27.50.31.255,1242,Stan Smith Green,Men's Apparel,70,1
227,bebd2b8c99b64551a8bac72cb7169fcd,1673938247,10,27.50.31.255,1242,Stan Smith Green,Men's Apparel,70,1
228,e28f003c6c41421a8f36b81c1e1263f4,1672857479,70,118.201.183.106,1242,Stan Smith Green,Men's Apparel,70,1
229,743a936deb904d80b0619110c8761c9a,1675691961,59,118.201.183.106,1242,Stan Smith Green,Men's Apparel,70,1
230,10710507f81a48d3a332b807a30412f9,1674062846,28,27.131.128.0,1242,Stan Smith Green,Men's Apparel,70,2
231,323ff38d23944762b3c16f61076ce255,1677037587,55,27.79.255.255,1242,Stan Smith Green,Men's Apparel,70,1
232,9ee02e57691d4f33b77464d8d339e67d,1675987356,25,1.32.127.255,1242,Stan Smith Green,Men's Apparel,70,1
233,dbd3ad3d5d9546af9d7e8cba35fe2a64,1673746243,49,1.32.127.255,1242,Stan Smith Green,Men's Apparel,70,1
234,673304e689b94ff0a5d0cc9a291fdeb3,1673618213,47,118.201.183.106,1242,Stan Smith Green,Men's Apparel,70,1
235,742237ef63944c6592adef3d6d95a071,1673268515,5,27.50.31.255,1242,Stan Smith Green,Men's Apparel,70,3
236,c0188d16274a440f985d567e0e503036,1673945018,35,118.201.183.106,1242,Stan Smith Green,Men's Apparel,70,2
237,d1ab8503313d43a99e75a70d4b4f2071,1676463483,9,1.32.127.255,1242,Stan Smith Green,Men's Apparel,70,2
238,7ee8f4a9da5b43a1937aaaee68704291,1673485659,42,118.201.183.106,1237,Ultraboost 3.0 Black,Men's Apparel,150,2
239,aed766d4a9af4391bb2c9e92bc322cf3,1676911669,26,27.79.255.255,1237,Ultraboost 3.0 Black,Men's Apparel,150,1
240,d262abe2e26a419aa7be3cd9f9ce1b09,1677172760,33,27.79.255.255,1237,Ultraboost 3.0 Black,Men's Apparel,150,3
241,b153c9406de14ff994ec9642bb9e0a94,1673578366,61,27.79.255.255,1237,Ultraboost 3.0 Black,Men's Apparel,150,1
242,748fe98210b447d0b5591b5588bf3b7c,1672772280,23,118.201.183.106,1237,Ultraboost 3.0 Black,Men's Apparel,150,1
243,02ce48e8b7334cb1b106117ba218cbea,1676632486,64,1.32.127.255,1237,Ultraboost 3.0 Black,Men's Apparel,150,1
244,a28b3dc95d114dafadb286c95b0e7157,1675033485,3,27.131.128.0,1237,Ultraboost 3.0 Black,Men's Apparel,150,1
245,88fb354d3ceb48599aa04bbe73e12fb9,1675389796,51,1.32.127.255,1237,Ultraboost 3.0 Black,Men's Apparel,150,1
246,2be57b8a0e14422785b197ea69a62ad8,1673288119,12,27.79.255.255,1237,Ultraboost 3.0 Black,Men's Apparel,150,1
247,d582e276d85545b89603f2f63dc6a289,1677363566,37,1.32.127.255,1237,Ultraboost 3.0 Black,Men's Apparel,150,1
248,19b7e07e19cd4b4c8a0ac6349fefe0a6,1673701468,23,27.79.255.255,1237,Ultraboost 3.0 Black,Men's Apparel,150,1
249,dff77c8ae7f24b7db5a939ac96247ba6,1675950768,43,27.50.31.255,1237,Ultraboost 3.0 Black,Men's Apparel,150,1
250,7d4f25765693415c8185c05bdeaa94c8,1674129793,9,118.201.183.106,1237,Ultraboost 3.0 Black,Men's Apparel,150,1
251,4466cadfa2934ed58e3ad4fc61151bc1,1676315009,18,103.101.47.255,1237,Ultraboost 3.0 Black,Men's Apparel,150,2
252,51b931d41078474c8b1b22f1b4e69fd5,1674515135,53,1.32.127.255,1237,Ultraboost 3.0 Black,Men's Apparel,150,3
253,3c099df48bed44e3bc82adabcc0a1b1c,1672796085,14,27.50.31.255,1237,Ultraboost 3.0 Black,Men's Apparel,150,2
254,eb0139df7d504e4793e78d05707e6fb8,1674630814,47,1.32.127.255,1237,Ultraboost 3.0 Black,Men's Apparel,150,1
255,900b91e4dc4c4c07bb72b16bc5996eeb,1676672186,15,27.131.128.0,1237,Ultraboost 3.0 Black,Men's Apparel,150,1
256,6af47f922ae84a37ba91a902ca7b29cd,1672875150,41,118.201.183.106,1237,Ultraboost 3.0 Black,Men's Apparel,150,2
257,39d0d937a2fe481db962e9075a7a326d,1677047690,41,103.101.47.255,1237,Ultraboost 3.0 Black,Men's Apparel,150,1
258,0d187ec8657844a78fa07c9afad22bb3,1676996422,54,103.101.47.255,1237,Ultraboost 3.0 Black,Men's Apparel,150,1
259,fa9ff485d63642bc9dcf497a3f91b8a4,1675997074,33,103.101.47.255,1237,Ultraboost 3.0 Black,Men's Apparel,150,1
260,c6446c24d34b4047a4c36d08869844cb,1677282524,65,27.50.31.255,1237,Ultraboost 3.0 Black,Men's Apparel,150,1
261,7f22c5148a384f43b95e27f6fb6b30fc,1673062477,49,27.50.31.255,1237,Ultraboost 3.0 Black,Men's Apparel,150,1
262,9e337e90a6f64b36b5d84c51edb265a0,1674421010,8,1.32.127.255,1237,Ultraboost 3.0 Black,Men's Apparel,150,1
263,909bf96538764603ad156113d225df6f,1675515480,64,118.201.183.106,1237,Ultraboost 3.0 Black,Men's Apparel,150,1
264,964f9d95195941fc97227c27e0dce09b,1674026903,64,118.201.183.106,1237,Ultraboost 3.0 Black,Men's Apparel,150,1
265,933c910a72004c398d12dc73311f985a,1673977817,17,118.201.183.106,1237,Ultraboost 3.0 Black,Men's Apparel,150,3
266,60ac4d3cf43a4662b1090aa3134fb5aa,1675179253,12,27.50.31.255,1237,Ultraboost 3.0 Black,Men's Apparel,150,1
267,ec4b4a3ab5454fb18854da16410cd6eb,1674294671,54,27.131.128.0,1237,Ultraboost 3.0 Black,Men's Apparel,150,1
268,ab3468d8d0234b1b97511ad6f3e15c50,1674239226,43,1.32.127.255,1237,Ultraboost 3.0 Black,Men's Apparel,150,1
269,c4cd9d95a4f741cf8bd1a886e8c6b706,1677075104,38,27.79.255.255,1237,Ultraboost 3.0 Black,Men's Apparel,150,1
