,user_id,timestamp,Duration,IP,ProductID,ProductName,ProductCategory,Price
0,bb645c6c64e4460dafcab25f4711a229,1674495502,36,118.201.183.106,1236,Camping Tent,Sports & Outdoor,50
1,80a7112938114cc688957cdb521b2632,1674305169,22,27.131.128.0,1236,Camping Tent,Sports & Outdoor,50
2,8a5a6474242f4d61ae4f4a7b615d4526,1674016872,31,27.131.128.0,1236,Camping Tent,Sports & Outdoor,50
3,ca350f477c634a84bdaf67e046e634d2,1676815656,32,118.201.183.106,1236,Camping Tent,Sports & Outdoor,50
4,d7a556f061d84249802137d89b600208,1674460331,57,118.201.183.106,1236,Camping Tent,Sports & Outdoor,50
5,506ce0d642e140babe8be839964464c4,1673104360,14,27.79.255.255,1236,Camping Tent,Sports & Outdoor,50
6,831648956ff34ae0b187989499f8c1f9,1673508475,56,118.201.183.106,1236,Camping Tent,Sports & Outdoor,50
7,4cdf98f7facd4cf6ab4a8eadf9a3b4f4,1673615907,13,27.50.31.255,1236,Camping Tent,Sports & Outdoor,50
8,e08e7a6aae244038aed4a2e3abf943c5,1676945818,38,118.201.183.106,1236,Camping Tent,Sports & Outdoor,50
9,dbc72003143d4c2198386300c6264cdf,1677364433,20,118.201.183.106,1236,Camping Tent,Sports & Outdoor,50
10,5c41a98e58864319ad6c649d2cb748c6,1677352909,60,27.79.255.255,1236,Camping Tent,Sports & Outdoor,50
11,6b67da2a8cb141a887a579c3deead7b5,1673680196,39,27.131.128.0,1237,Ultraboost 3.0 Black,Men's Apparel,150
12,9754977333fb40d89b4d7e68f22bdcf3,1672851739,38,27.131.128.0,1237,Ultraboost 3.0 Black,Men's Apparel,150
13,3f4d3b126d644eac9c99c6e74079d930,1677447657,12,118.201.183.106,1237,Ultraboost 3.0 Black,Men's Apparel,150
14,d7d4afa59bec40c1818e80c7f2f5f404,1673399755,57,27.131.128.0,1237,Ultraboost 3.0 Black,Men's Apparel,150
15,7f9f971c79044bcfb4b74480021d0693,1675176292,32,27.131.128.0,1237,Ultraboost 3.0 Black,Men's Apparel,150
16,4f0697617fe1408195f3db5b99791274,1674460068,62,27.79.255.255,1237,Ultraboost 3.0 Black,Men's Apparel,150
17,ee72e4ac31a04fa28a3cd67ab756e7c9,1674335658,15,118.201.183.106,1237,Ultraboost 3.0 Black,Men's Apparel,150
18,e7e758722c47464fafe805c8b83aca46,1672640306,36,27.50.31.255,1237,Ultraboost 3.0 Black,Men's Apparel,150
19,cf48323298c84025adfbdfd915949d3c,1676752864,32,118.201.183.106,1237,Ultraboost 3.0 Black,Men's Apparel,150
20,0691905dd981479e9c71f523fa96101b,1674294424,5,1.32.127.255,1237,Ultraboost 3.0 Black,Men's Apparel,150
21,36528eecaab149b0b3cf38e2a8b72fa8,1673555613,53,103.101.47.255,1237,Ultraboost 3.0 Black,Men's Apparel,150
22,94132ff6d08a47cf8cdd6b820c9971d6,1675945919,70,118.201.183.106,1237,Ultraboost 3.0 Black,Men's Apparel,150
23,10494e0ed7ce4b4fa9d39ae7b720e191,1676373153,24,27.79.255.255,1237,Ultraboost 3.0 Black,Men's Apparel,150
24,bef1fbdea45a418ba6d98ef104ed4464,1676495988,53,118.201.183.106,1241,Yoga Mat 2cm x 1.5m x 60cm,Sports & Outdoor,30
25,8b910200036d4facacaaadeacbb50065,1676835241,41,1.32.127.255,1241,Yoga Mat 2cm x 1.5m x 60cm,Sports & Outdoor,30
26,ff6d6f3010ef4e238a383b1d7dcdc111,1673218438,37,118.201.183.106,1241,Yoga Mat 2cm x 1.5m x 60cm,Sports & Outdoor,30
27,dfc9d318a9154e698fd3e97116df919c,1674488061,45,118.201.183.106,1241,Yoga Mat 2cm x 1.5m x 60cm,Sports & Outdoor,30
28,c5da6d4bae5642bbbd12cc01178b06a6,1674611188,60,118.201.183.106,1241,Yoga Mat 2cm x 1.5m x 60cm,Sports & Outdoor,30
29,fc21b918014c4aa0a79657369612800c,1677164488,15,27.131.128.0,1241,Yoga Mat 2cm x 1.5m x 60cm,Sports & Outdoor,30
30,344c46ec56bd411da69ec14efc589c4b,1674186688,70,118.201.183.106,1241,Yoga Mat 2cm x 1.5m x 60cm,Sports & Outdoor,30
31,d64ccb32ae614acdabe9e890d5f1c42a,1676349352,67,118.201.183.106,1241,Yoga Mat 2cm x 1.5m x 60cm,Sports & Outdoor,30
32,e3655b0c8c9f4d918b82198782baab31,1673089548,46,118.201.183.106,1241,Yoga Mat 2cm x 1.5m x 60cm,Sports & Outdoor,30
33,6bc553ccbc654011adc7b02a363fa46f,1676856323,8,118.201.183.106,1239,YSL ROUGE VOLUPT SHINE,Beauty & Personal Care,90
34,fb9e302613d447dc980cafe2dcb3c4f9,1674891787,34,27.50.31.255,1239,YSL ROUGE VOLUPT SHINE,Beauty & Personal Care,90
35,f7ce3b8e0f854e3caf5a486c7210e6e9,1674661205,28,118.201.183.106,1239,YSL ROUGE VOLUPT SHINE,Beauty & Personal Care,90
36,961ae61c1ddd4cf8a900ab2de23a7fca,1674211677,3,27.79.255.255,1239,YSL ROUGE VOLUPT SHINE,Beauty & Personal Care,90
37,bbac15fa506148f9a7498ab3fc5309db,1676173754,66,27.131.128.0,1239,YSL ROUGE VOLUPT SHINE,Beauty & Personal Care,90
38,ca750b7ab9c8404ea9bfc4dbc177a7f4,1674605291,57,118.201.183.106,1239,YSL ROUGE VOLUPT SHINE,Beauty & Personal Care,90
39,d42d187ed29944c0b35540b946a2476a,1674013281,54,118.201.183.106,1239,YSL ROUGE VOLUPT SHINE,Beauty & Personal Care,90
40,dad1c58324b546dfb4ab367a70a33d84,1674367323,57,118.201.183.106,1239,YSL ROUGE VOLUPT SHINE,Beauty & Personal Care,90
41,6ec1d1f415f24994b43517d23782bc12,1676035020,55,1.32.127.255,1239,YSL ROUGE VOLUPT SHINE,Beauty & Personal Care,90
42,0d59397a2afa4d9faa18887fce629027,1677422487,33,118.201.183.106,1239,YSL ROUGE VOLUPT SHINE,Beauty & Personal Care,90
43,6320c50f84c74e9dada0277d2e7708c6,1674166644,69,118.201.183.106,1242,Stan Smith Green,Men's Apparel,70
44,a62b163c1092428fba225547d8a2c1c0,1673987035,5,27.131.128.0,1242,Stan Smith Green,Men's Apparel,70
45,ff6d25351fe14cc08a49deb04d32eee6,1677520413,24,27.131.128.0,1242,Stan Smith Green,Men's Apparel,70
46,97dbffd8d9e94d3db8b0f102aa4b0a27,1677314253,40,27.79.255.255,1242,Stan Smith Green,Men's Apparel,70
47,0b8c0000a0ea4e9d86fbe0e67374c430,1675631156,62,118.201.183.106,1242,Stan Smith Green,Men's Apparel,70
48,48c4f03f991940cea5a3bdad237137ed,1676169317,19,118.201.183.106,1242,Stan Smith Green,Men's Apparel,70
49,6c69a6787afd4bf5ad0280f11bec1503,1676763531,31,27.79.255.255,1242,Stan Smith Green,Men's Apparel,70
50,928fa1906c134e5b9d708bdfb38d8afe,1677499930,55,27.50.31.255,1242,Stan Smith Green,Men's Apparel,70
51,0968abf99be645848138b40c31465ef2,1673057605,57,27.50.31.255,1242,Stan Smith Green,Men's Apparel,70
52,e09dc31be64b48ef80127d9e9a3c46f2,1676733686,35,103.101.47.255,1242,Stan Smith Green,Men's Apparel,70
53,dbccfd8b2efc4614ba654cc15a6f62ad,1676210216,16,118.201.183.106,1242,Stan Smith Green,Men's Apparel,70
54,381e15c01e3549b384ad8999ca89541d,1673241307,68,27.131.128.0,1242,Stan Smith Green,Men's Apparel,70
55,008dfaa664714eab8fab4ec9310b7e73,1674033171,37,27.50.31.255,1242,Stan Smith Green,Men's Apparel,70
56,da93f2fb09f84ac4b0b871ebdf42be63,1675562175,21,118.201.183.106,1243,Cotton On Sundress,Women's Apparel,80
57,482f553a298345698339503054317ba1,1673485645,61,27.79.255.255,1243,Cotton On Sundress,Women's Apparel,80
58,58efb50bd71d4c6abda297585ee94c48,1675458421,20,103.101.47.255,1243,Cotton On Sundress,Women's Apparel,80
59,eeaef7f96c7c4dec9ffecac824c1b2f4,1676642593,9,118.201.183.106,1243,Cotton On Sundress,Women's Apparel,80
60,9e6612924d3947d6941a593dba2a2420,1672992556,28,118.201.183.106,1243,Cotton On Sundress,Women's Apparel,80
61,44ff5f5aa3a74e2e827188103910e9ae,1672971845,25,118.201.183.106,1243,Cotton On Sundress,Women's Apparel,80
62,5e3ae4d219ab4847828ad0bd4bc89d5d,1673022172,45,118.201.183.106,1243,Cotton On Sundress,Women's Apparel,80
63,41834e020eda4fa7b471cbbb14ecf1a1,1675162655,54,118.201.183.106,1243,Cotton On Sundress,Women's Apparel,80
64,d2211b44a6a14a2a82c330735800bcf2,1674305547,59,27.50.31.255,1243,Cotton On Sundress,Women's Apparel,80
65,bb2b708635b344b09e241e5c71ad3e41,1674324774,12,27.131.128.0,1240,JBL Surround Sound Speaker,Home Appliance,320
66,8e5ec145bc8044f3a4bf4952ca2d910b,1674035577,58,118.201.183.106,1240,JBL Surround Sound Speaker,Home Appliance,320
67,8f233701007f45d99d34eab9daabdfd9,1675466796,31,118.201.183.106,1240,JBL Surround Sound Speaker,Home Appliance,320
68,2f68c84413b84fdba8188699de371b2e,1674339665,49,27.131.128.0,1240,JBL Surround Sound Speaker,Home Appliance,320
69,b5c74a9de3244d9a876f600bb68bb81c,1673479272,26,118.201.183.106,1240,JBL Surround Sound Speaker,Home Appliance,320
70,58592e4f7bdb49f99e139681abba9cb1,1676696970,41,118.201.183.106,1240,JBL Surround Sound Speaker,Home Appliance,320
71,2c7b1efacb874f198d6637934d3fed8e,1673111023,68,27.50.31.255,1240,JBL Surround Sound Speaker,Home Appliance,320
72,812164a76e6a41c4a3baaa5533e905d2,1675894945,19,27.79.255.255,1235,Bose Speaker 3.0,Home Appliance,300
73,e088e69b18ca496fb470e091416ca38b,1675015824,26,27.79.255.255,1235,Bose Speaker 3.0,Home Appliance,300
74,d3e56a01ad834ba295b296fb11959190,1676572237,29,27.79.255.255,1235,Bose Speaker 3.0,Home Appliance,300
75,2d202eb89de145dfa2e45c244d6eaf50,1675304098,43,27.131.128.0,1235,Bose Speaker 3.0,Home Appliance,300
76,e4d2dad0f3ca4962845d2fc0b085cd2f,1675407348,50,118.201.183.106,1235,Bose Speaker 3.0,Home Appliance,300
77,fd34bc786ae14830b7cb3507787813fd,1676525630,28,27.79.255.255,1235,Bose Speaker 3.0,Home Appliance,300
78,7cddd15e4e3845e3b21ed54368c0e6bd,1675787286,69,27.79.255.255,1235,Bose Speaker 3.0,Home Appliance,300
79,ddfa2858da7c4c95b3ef98f9d30ced66,1676485623,14,118.201.183.106,1238,Tory Burch Ines Espadrille,Women's Apparel,200
80,0bf5e88bcf57457486840b83edd600c6,1676114242,14,27.79.255.255,1238,Tory Burch Ines Espadrille,Women's Apparel,200
81,fd88eea63a404214b517a09fef08b82f,1672973369,14,118.201.183.106,1238,Tory Burch Ines Espadrille,Women's Apparel,200
82,8297160179ff4807b64991e37aa4a5c5,1673544064,54,103.101.47.255,1238,Tory Burch Ines Espadrille,Women's Apparel,200
83,06d1ff4b075b4748aa71a5de465c00ec,1675670449,48,27.50.31.255,1238,Tory Burch Ines Espadrille,Women's Apparel,200
84,353eca074adf40a39bdec269fcff5596,1677298297,39,118.201.183.106,1238,Tory Burch Ines Espadrille,Women's Apparel,200
85,a48ef7995d174317a163017c95711be9,1675289010,70,27.79.255.255,1238,Tory Burch Ines Espadrille,Women's Apparel,200
86,6d97d7e65c524d9ba7856ed6c81ec96a,1674700214,39,118.201.183.106,1238,Tory Burch Ines Espadrille,Women's Apparel,200
87,bb75a43ad60e4d3e9c3f38a3238841fa,1674329030,24,118.201.183.106,1238,Tory Burch Ines Espadrille,Women's Apparel,200
88,6887408231af4e0e86446e8b1a56cac7,1677516643,9,27.79.255.255,1238,Tory Burch Ines Espadrille,Women's Apparel,200
89,d77dac42aa724b638f6d9ca9cab00bfd,1672772742,35,118.201.183.106,1238,Tory Burch Ines Espadrille,Women's Apparel,200
90,354a94c896ef4f3f979891260423e86b,1674512309,48,1.32.127.255,1234,L'Oreal Paris Shampoo,Beauty & Personal Care,40
91,054d5a6e771f4db3b2828d1de0117c80,1675974771,15,118.201.183.106,1234,L'Oreal Paris Shampoo,Beauty & Personal Care,40
92,f8397ebf1735417b892273706978ced0,1675103092,22,118.201.183.106,1234,L'Oreal Paris Shampoo,Beauty & Personal Care,40
93,710d5fd27fd7435bbfe573260e9cad2b,1673259893,70,103.101.47.255,1234,L'Oreal Paris Shampoo,Beauty & Personal Care,40
94,7346ec8ad47f484e9c000207e470d1c9,1674975254,11,118.201.183.106,1234,L'Oreal Paris Shampoo,Beauty & Personal Care,40
95,ef3ebbea87ba4d3abe9001de7b02a9c0,1674830895,26,27.79.255.255,1234,L'Oreal Paris Shampoo,Beauty & Personal Care,40
96,036e4190946e4ae89bc0e8357b2e7164,1673617306,67,1.32.127.255,1234,L'Oreal Paris Shampoo,Beauty & Personal Care,40
97,f872038efb8f4e4daf6c274259dd5146,1675317805,32,103.101.47.255,1234,L'Oreal Paris Shampoo,Beauty & Personal Care,40
98,e5562b0b793942cb93dcb2c0823740df,1672694406,70,118.201.183.106,1234,L'Oreal Paris Shampoo,Beauty & Personal Care,40
99,31574df0eabf41c0972e793a8f141c76,1672750731,23,1.32.127.255,1234,L'Oreal Paris Shampoo,Beauty & Personal Care,40
0,9536d12b00504681a164dafa29f6c8bb,1676457187,63,1.32.127.255,1234,L'Oreal Paris Shampoo,Beauty & Personal Care,40
1,298448d2641c45ae87a045e207db713a,1673065945,61,27.50.31.255,1234,L'Oreal Paris Shampoo,Beauty & Personal Care,40
2,b9641784e28145c7a296b6e1bc2f1463,1674675634,67,1.32.127.255,1234,L'Oreal Paris Shampoo,Beauty & Personal Care,40
3,82365aced5c74bc586ab5067c4c72274,1676519909,7,118.201.183.106,1234,L'Oreal Paris Shampoo,Beauty & Personal Care,40
4,d8a4220398224522aee3f3b5ef2ab9dc,1673847480,37,27.50.31.255,1234,L'Oreal Paris Shampoo,Beauty & Personal Care,40
5,3f38f775728a4fd2907a602042aa389c,1675482494,24,27.131.128.0,1234,L'Oreal Paris Shampoo,Beauty & Personal Care,40
6,d6cf187fd04b419f8c91618caa0b5be1,1673795993,29,1.32.127.255,1234,L'Oreal Paris Shampoo,Beauty & Personal Care,40
7,af765009983d4e268d231b65f7850d18,1677318941,5,118.201.183.106,1234,L'Oreal Paris Shampoo,Beauty & Personal Care,40
8,ab4c6989232d4fafab6517105e46fda3,1673772371,28,27.79.255.255,1234,L'Oreal Paris Shampoo,Beauty & Personal Care,40
9,5e9d400408b14d8cba5b19b58ec0c163,1673756161,11,1.32.127.255,1234,L'Oreal Paris Shampoo,Beauty & Personal Care,40
10,9bf7bf76feb24fd983da5cd261102d04,1676412298,41,27.79.255.255,1234,L'Oreal Paris Shampoo,Beauty & Personal Care,40
11,b5e555b328084e809c1c6d6bec13d1e8,1675460775,29,27.50.31.255,1234,L'Oreal Paris Shampoo,Beauty & Personal Care,40
12,c5bc08cceaf348ea85f9940a82ec0a63,1675974985,42,27.50.31.255,1234,L'Oreal Paris Shampoo,Beauty & Personal Care,40
13,3fffab0e5ddb4d3bb9f43cb6e0c76f64,1677347835,9,27.50.31.255,1234,L'Oreal Paris Shampoo,Beauty & Personal Care,40
14,2a14043747ac4ba89ba95dfdb077ae59,1673576213,17,1.32.127.255,1234,L'Oreal Paris Shampoo,Beauty & Personal Care,40
15,c15aedc83d14463a961f969bdc397e0e,1673490436,34,118.201.183.106,1234,L'Oreal Paris Shampoo,Beauty & Personal Care,40
16,aebaae4bee1347c6ac7af446bb3fec75,1676928333,68,27.50.31.255,1234,L'Oreal Paris Shampoo,Beauty & Personal Care,40
17,3a2c42e2cf504047959215de81c7abb6,1673208296,63,27.79.255.255,1240,JBL Surround Sound Speaker,Home Appliance,320
18,44b566b41d7d4b7eacfc0e10625638f2,1674320373,30,1.32.127.255,1240,JBL Surround Sound Speaker,Home Appliance,320
19,da93ff0b1efd4f42b3c345c803ff1b03,1673725743,15,27.50.31.255,1240,JBL Surround Sound Speaker,Home Appliance,320
20,5031b8b1e9ce4845b322bc01374d99ec,1676693427,48,27.50.31.255,1240,JBL Surround Sound Speaker,Home Appliance,320
21,845e327ff0b14432be7e14c72d2eb1ed,1673522388,38,27.79.255.255,1240,JBL Surround Sound Speaker,Home Appliance,320
22,f9dd0a36858d4d97acdedaad6bfa94de,1676588094,56,27.50.31.255,1240,JBL Surround Sound Speaker,Home Appliance,320
23,eb6775d9b1ce4e58ad8aa2bda7ab1c50,1676531549,30,118.201.183.106,1240,JBL Surround Sound Speaker,Home Appliance,320
24,ca9790fb44634832a6da602307ed4571,1675720266,37,118.201.183.106,1240,JBL Surround Sound Speaker,Home Appliance,320
25,502f5c72a16143a2b0c4ce24b80f57e3,1672883375,43,118.201.183.106,1240,JBL Surround Sound Speaker,Home Appliance,320
26,ab2f3aac536040d9b209a10f8b5fda8b,1672767966,70,27.50.31.255,1240,JBL Surround Sound Speaker,Home Appliance,320
27,1474e237bcd54861b32125971bf5b8c0,1673587411,18,27.50.31.255,1240,JBL Surround Sound Speaker,Home Appliance,320
28,90b0587d62c24f3c97a30654f8d48271,1673281073,34,1.32.127.255,1240,JBL Surround Sound Speaker,Home Appliance,320
29,df06f0fc74b943f295facf34f94196b3,1673598505,19,118.201.183.106,1240,JBL Surround Sound Speaker,Home Appliance,320
30,5878c57e98af4646aacbc926d368496a,1675138110,25,27.50.31.255,1240,JBL Surround Sound Speaker,Home Appliance,320
31,73e056b69cda4328a741f878555ee9dc,1674372053,44,27.131.128.0,1240,JBL Surround Sound Speaker,Home Appliance,320
32,26c308228b1c417f8586188518c61656,1673720148,69,118.201.183.106,1240,JBL Surround Sound Speaker,Home Appliance,320
33,b727bc26af3c42c487aa37d66ba2712d,1672556256,3,27.131.128.0,1240,JBL Surround Sound Speaker,Home Appliance,320
34,d0e8a49461c445e0966b15bad6ae668b,1673412568,31,1.32.127.255,1235,Bose Speaker 3.0,Home Appliance,300
35,df0eaf04bf2c4529a930da7417c1d2d4,1676980968,5,1.32.127.255,1235,Bose Speaker 3.0,Home Appliance,300
36,5f0890bc6e5941ac963ec85f28f5eb43,1677179450,24,118.201.183.106,1235,Bose Speaker 3.0,Home Appliance,300
37,8cb51129d9d84bf5814af828cccf03c3,1673662355,38,103.101.47.255,1235,Bose Speaker 3.0,Home Appliance,300
38,8e87595ad75d422c8068ab888b4f4e31,1676032720,58,27.79.255.255,1235,Bose Speaker 3.0,Home Appliance,300
39,359a2bcda35e460fa8696c0011e80c7c,1674163828,25,118.201.183.106,1235,Bose Speaker 3.0,Home Appliance,300
40,1c3e2fce8ff042389981026237571083,1676292749,26,1.32.127.255,1235,Bose Speaker 3.0,Home Appliance,300
41,c002edd5d60b4d8a88b75452d6d7f899,1675589276,6,1.32.127.255,1235,Bose Speaker 3.0,Home Appliance,300
42,63263260d9314c97b13898d93bf18685,1673780028,24,27.50.31.255,1235,Bose Speaker 3.0,Home Appliance,300
43,e4ed63973ce344cd8fcd1b1975105350,1675751528,11,27.79.255.255,1235,Bose Speaker 3.0,Home Appliance,300
44,bf9b75cdc0aa4b5d9d4e6da09d50e248,1675576310,59,118.201.183.106,1235,Bose Speaker 3.0,Home Appliance,300
45,533aa41678634879b1622db9863c46cd,1676812389,51,118.201.183.106,1235,Bose Speaker 3.0,Home Appliance,300
46,276a43a762fb40d8b27da5f19a07eb76,1673149284,21,1.32.127.255,1235,Bose Speaker 3.0,Home Appliance,300
47,a8770a03935f47298ea90223f670e806,1676257484,14,27.50.31.255,1235,Bose Speaker 3.0,Home Appliance,300
48,4cc38b4306914ef08967df48e5a9d59f,1675043647,15,118.201.183.106,1235,Bose Speaker 3.0,Home Appliance,300
49,8b7bb068acb8450fb909a2e63c9d2d2f,1677055440,53,118.201.183.106,1235,Bose Speaker 3.0,Home Appliance,300
50,a1231d094f534da2ab3e3343d8267506,1676366137,21,118.201.183.106,1235,Bose Speaker 3.0,Home Appliance,300
51,bc8c8b12cf04455aa4076be000f9d8ff,1677036318,7,27.50.31.255,1235,Bose Speaker 3.0,Home Appliance,300
52,1204eb99c5254dca8e1ac90fe6eaf0eb,1674619477,31,27.79.255.255,1235,Bose Speaker 3.0,Home Appliance,300
53,17b0d9fd628b44fd9c08fb630680bdcc,1675349036,24,27.79.255.255,1235,Bose Speaker 3.0,Home Appliance,300
54,6876e76f54824d70ae4cfc684d34f378,1673809467,26,118.201.183.106,1235,Bose Speaker 3.0,Home Appliance,300
55,8cd659151c5e42f09c621aa18e92b38e,1677022066,65,27.79.255.255,1235,Bose Speaker 3.0,Home Appliance,300
56,d25c88eec57f49d2b85902df9ca97926,1675172616,39,27.131.128.0,1235,Bose Speaker 3.0,Home Appliance,300
57,3ef94890bc6e476ba20e7bb4fc4b2185,1674405886,21,27.79.255.255,1235,Bose Speaker 3.0,Home Appliance,300
58,092f9df5c2ca4653b362e42cd6c6dc32,1674984851,26,27.50.31.255,1235,Bose Speaker 3.0,Home Appliance,300
59,1327d624ad08419c9b30134b180dbeab,1676067335,25,118.201.183.106,1235,Bose Speaker 3.0,Home Appliance,300
60,af93b06f35e144b18b3688fb3327729c,1674020125,7,1.32.127.255,1235,Bose Speaker 3.0,Home Appliance,300
61,41d5bff580f04a939ca51137956114f1,1673390667,28,27.79.255.255,1235,Bose Speaker 3.0,Home Appliance,300
62,09d594ad85344a8b95d01b020dbdb251,1674172229,48,27.79.255.255,1235,Bose Speaker 3.0,Home Appliance,300
63,db0752a86ff3429f923e87b5c9bec15c,1673879538,13,27.50.31.255,1235,Bose Speaker 3.0,Home Appliance,300
64,40161944ed3044989ffe99e3086af1c3,1675009436,37,118.201.183.106,1235,Bose Speaker 3.0,Home Appliance,300
65,7eb28a0c1eac48adb1f56ed4c0e5b1de,1673156379,53,103.101.47.255,1235,Bose Speaker 3.0,Home Appliance,300
66,7cd1fce8618745f588f9878781c59e03,1672913543,41,27.131.128.0,1235,Bose Speaker 3.0,Home Appliance,300
67,0d95e17ca9f94ae1b36674c787ed4d6a,1677113001,50,118.201.183.106,1235,Bose Speaker 3.0,Home Appliance,300
68,82f5331d2445470a9ab102a24236d3c4,1675536075,34,118.201.183.106,1235,Bose Speaker 3.0,Home Appliance,300
69,7cdc778c46d34f7ebff83f0bef735f2b,1677207634,19,118.201.183.106,1241,Yoga Mat 2cm x 1.5m x 60cm,Sports & Outdoor,30
70,9cb99ec5f24d49018e5fcf1aeb1ddfde,1672688759,62,27.50.31.255,1241,Yoga Mat 2cm x 1.5m x 60cm,Sports & Outdoor,30
71,818bfe81027e400890bc4523cdcd0cdd,1677175240,8,27.50.31.255,1241,Yoga Mat 2cm x 1.5m x 60cm,Sports & Outdoor,30
72,1f11c655fc434d17a5b75731b9d4f2b1,1675820348,66,1.32.127.255,1241,Yoga Mat 2cm x 1.5m x 60cm,Sports & Outdoor,30
73,4340625118dc4c7eabf718c741d24a21,1674368935,25,27.131.128.0,1241,Yoga Mat 2cm x 1.5m x 60cm,Sports & Outdoor,30
74,13f6d63f79d54e4c8e8094f86d7ca87f,1673425288,56,118.201.183.106,1241,Yoga Mat 2cm x 1.5m x 60cm,Sports & Outdoor,30
75,b06561dff2a84a5f8f983fd985f91419,1673133858,23,118.201.183.106,1241,Yoga Mat 2cm x 1.5m x 60cm,Sports & Outdoor,30
76,b59e2f95a4304469b6d4cd0781652325,1676013595,57,27.79.255.255,1241,Yoga Mat 2cm x 1.5m x 60cm,Sports & Outdoor,30
77,e27ac4e4fb0e4ad5bab2ecc0c4876348,1673589860,43,118.201.183.106,1241,Yoga Mat 2cm x 1.5m x 60cm,Sports & Outdoor,30
78,4c962c2e88a0440299a3e63c423fa261,1672570902,68,118.201.183.106,1241,Yoga Mat 2cm x 1.5m x 60cm,Sports & Outdoor,30
79,9203c0f6562143978731c3048c6fbb26,1675906687,26,27.50.31.255,1241,Yoga Mat 2cm x 1.5m x 60cm,Sports & Outdoor,30
80,a3c61c4d82ad418d830d2995b6075bad,1677209294,24,103.101.47.255,1241,Yoga Mat 2cm x 1.5m x 60cm,Sports & Outdoor,30
81,f02a680f76c941e6b02876d669c61df7,1673282558,69,1.32.127.255,1241,Yoga Mat 2cm x 1.5m x 60cm,Sports & Outdoor,30
82,55ad82dc090c42fe8d0e288e139c9587,1673492180,56,118.201.183.106,1241,Yoga Mat 2cm x 1.5m x 60cm,Sports & Outdoor,30
83,ec2d7d33f0a548288bad36979a690fa3,1672701527,38,27.131.128.0,1241,Yoga Mat 2cm x 1.5m x 60cm,Sports & Outdoor,30
84,6cc596ecbfc74e0782f97f95e261ecd3,1673732003,48,118.201.183.106,1241,Yoga Mat 2cm x 1.5m x 60cm,Sports & Outdoor,30
85,a75cdc2d72734f65bf6cceb7b298c98d,1676043814,29,27.50.31.255,1241,Yoga Mat 2cm x 1.5m x 60cm,Sports & Outdoor,30
86,4b438754062c43779633bbf445493aed,1674963506,30,1.32.127.255,1241,Yoga Mat 2cm x 1.5m x 60cm,Sports & Outdoor,30
87,ff5b9fc166f44c56934bacec707ea46f,1674502585,26,27.50.31.255,1241,Yoga Mat 2cm x 1.5m x 60cm,Sports & Outdoor,30
88,b4995fd07a9549a9a2d4bdcce305cd01,1676940312,44,27.79.255.255,1241,Yoga Mat 2cm x 1.5m x 60cm,Sports & Outdoor,30
89,da50c7228405483fb8c5b7e52b6ceda0,1674767488,14,1.32.127.255,1241,Yoga Mat 2cm x 1.5m x 60cm,Sports & Outdoor,30
90,d8205eb503d54b61b0367b12f713805f,1673772413,23,27.131.128.0,1241,Yoga Mat 2cm x 1.5m x 60cm,Sports & Outdoor,30
91,e753f321545b410b9b5955bf992c6942,1674542821,27,118.201.183.106,1241,Yoga Mat 2cm x 1.5m x 60cm,Sports & Outdoor,30
92,fde87f15b2e3420da6bb82a79ae78382,1673176002,64,1.32.127.255,1241,Yoga Mat 2cm x 1.5m x 60cm,Sports & Outdoor,30
93,0f3abf2d80794e1eb45a55f1d87903c9,1676582619,9,118.201.183.106,1241,Yoga Mat 2cm x 1.5m x 60cm,Sports & Outdoor,30
94,5dc7d1d6d63d40b19a01a8306fad60da,1675454138,69,27.131.128.0,1241,Yoga Mat 2cm x 1.5m x 60cm,Sports & Outdoor,30
95,6a670a7dfaa94059a60c814522180bc8,1676495449,35,27.79.255.255,1241,Yoga Mat 2cm x 1.5m x 60cm,Sports & Outdoor,30
96,51f94d4c97134f0fa3c66c3fc0ff6baf,1673414245,33,118.201.183.106,1241,Yoga Mat 2cm x 1.5m x 60cm,Sports & Outdoor,30
97,aa779c7e0109442ab9f7ddb656766674,1674662507,25,27.131.128.0,1241,Yoga Mat 2cm x 1.5m x 60cm,Sports & Outdoor,30
98,4461760d02394a8798e6573daf380e59,1672987894,40,27.50.31.255,1241,Yoga Mat 2cm x 1.5m x 60cm,Sports & Outdoor,30
99,45160a62f7df41339393a3ab7a0a6a43,1675544085,46,118.201.183.106,1241,Yoga Mat 2cm x 1.5m x 60cm,Sports & Outdoor,30
100,637016b097e74389ac9d04585e9c1f8f,1673534586,59,118.201.183.106,1241,Yoga Mat 2cm x 1.5m x 60cm,Sports & Outdoor,30
101,19bfa7c4d20e4d3eaf7edcd8e539e95d,1674730390,65,118.201.183.106,1241,Yoga Mat 2cm x 1.5m x 60cm,Sports & Outdoor,30
102,6ecedb677d614e56a7f25af539cf2bc1,1674427260,30,27.50.31.255,1241,Yoga Mat 2cm x 1.5m x 60cm,Sports & Outdoor,30
103,6de8b92674df4784b8931422a8d762e9,1674666855,35,27.131.128.0,1241,Yoga Mat 2cm x 1.5m x 60cm,Sports & Outdoor,30
104,3c667f700f6f4c13a855b638925fe31a,1672734065,38,27.131.128.0,1241,Yoga Mat 2cm x 1.5m x 60cm,Sports & Outdoor,30
105,416695a1f13d4d44a2a14a4789989432,1677296610,49,27.79.255.255,1239,YSL ROUGE VOLUPT SHINE,Beauty & Personal Care,90
106,e6c79ecf57d6481da963f210826cac06,1674796836,3,118.201.183.106,1239,YSL ROUGE VOLUPT SHINE,Beauty & Personal Care,90
107,f6caf8ba39454c659a9d5820419c6cc7,1673323556,58,1.32.127.255,1239,YSL ROUGE VOLUPT SHINE,Beauty & Personal Care,90
108,b5045c131e24464a86ca564988590ad3,1672811913,64,118.201.183.106,1239,YSL ROUGE VOLUPT SHINE,Beauty & Personal Care,90
109,cf4b18d147f447f197820567a1c97283,1676802137,32,1.32.127.255,1239,YSL ROUGE VOLUPT SHINE,Beauty & Personal Care,90
110,9d21e78e47594307bca50ab774957dc5,1676871255,15,27.50.31.255,1239,YSL ROUGE VOLUPT SHINE,Beauty & Personal Care,90
111,1be2d4be79064a02a9fec292712eb94a,1674469244,23,118.201.183.106,1239,YSL ROUGE VOLUPT SHINE,Beauty & Personal Care,90
112,dd6f2539c0d344a48243e5c33c06e18a,1673015512,26,118.201.183.106,1239,YSL ROUGE VOLUPT SHINE,Beauty & Personal Care,90
113,d397f3d7311c4019855d5afd723621fb,1675992050,49,27.79.255.255,1239,YSL ROUGE VOLUPT SHINE,Beauty & Personal Care,90
114,23077e47f4f54b91840dcbae285674b9,1677445671,20,118.201.183.106,1239,YSL ROUGE VOLUPT SHINE,Beauty & Personal Care,90
115,261272acd52441eab5f0c9036ff9c7d2,1672784906,16,27.50.31.255,1239,YSL ROUGE VOLUPT SHINE,Beauty & Personal Care,90
116,da9ffe7b62e04b8183d70905563ea9a4,1676037380,12,27.79.255.255,1239,YSL ROUGE VOLUPT SHINE,Beauty & Personal Care,90
117,0735e238670d45ebbdb55f2365227c4c,1674356460,18,1.32.127.255,1239,YSL ROUGE VOLUPT SHINE,Beauty & Personal Care,90
118,46360970fd4949f29ee52b6d07691ca8,1672592445,21,27.79.255.255,1239,YSL ROUGE VOLUPT SHINE,Beauty & Personal Care,90
119,4336fa00d5bd4a2f89d7d003c12391d7,1675682031,62,27.50.31.255,1239,YSL ROUGE VOLUPT SHINE,Beauty & Personal Care,90
120,9bb370560f5142858603624239b70b3f,1673285607,41,118.201.183.106,1239,YSL ROUGE VOLUPT SHINE,Beauty & Personal Care,90
121,b602cc945e514caca502d4c60af4573c,1673634908,32,1.32.127.255,1239,YSL ROUGE VOLUPT SHINE,Beauty & Personal Care,90
122,adf093b88b9e4b8599ca04a18d416561,1676311219,48,118.201.183.106,1239,YSL ROUGE VOLUPT SHINE,Beauty & Personal Care,90
123,f76ac906fb9143c99d52bf6078fcad3c,1675123464,68,118.201.183.106,1239,YSL ROUGE VOLUPT SHINE,Beauty & Personal Care,90
124,eb7d4bf13edb4f54ad8109142c318a32,1673309255,55,118.201.183.106,1239,YSL ROUGE VOLUPT SHINE,Beauty & Personal Care,90
125,6140b83421ff4237b6b1de0643cdd158,1676971979,7,27.50.31.255,1239,YSL ROUGE VOLUPT SHINE,Beauty & Personal Care,90
126,cc9db1f45fa14e979ff0d16ea85bdc7f,1677141709,26,118.201.183.106,1239,YSL ROUGE VOLUPT SHINE,Beauty & Personal Care,90
127,1fd1967ec3d14906baf5ad3f7eb61521,1675895459,27,118.201.183.106,1238,Tory Burch Ines Espadrille,Women's Apparel,200
128,fbe61b8e84c64b9cb40035249976f9ce,1674839836,37,27.50.31.255,1238,Tory Burch Ines Espadrille,Women's Apparel,200
129,ec9ad28ddf8b4dbe93624a63c5d9153e,1674439736,39,118.201.183.106,1238,Tory Burch Ines Espadrille,Women's Apparel,200
130,8c9c1115149b4fe7a1b7dd4cfd3f7cbf,1675437134,60,27.50.31.255,1238,Tory Burch Ines Espadrille,Women's Apparel,200
131,6d5e2884fa5e4839beed90004d48e076,1676600972,66,27.79.255.255,1238,Tory Burch Ines Espadrille,Women's Apparel,200
132,a7495334fe8844c195832661ff584f62,1675306850,65,118.201.183.106,1238,Tory Burch Ines Espadrille,Women's Apparel,200
133,e8dbdaa9e6f44a1993449405ccd927b9,1677083796,12,27.50.31.255,1238,Tory Burch Ines Espadrille,Women's Apparel,200
134,e1f233a59961419eacb7cd8f9bb47f74,1674367198,6,1.32.127.255,1238,Tory Burch Ines Espadrille,Women's Apparel,200
135,98127b6967144dfd87df0e205ca8152d,1675903201,33,103.101.47.255,1238,Tory Burch Ines Espadrille,Women's Apparel,200
136,ffd2b42b57ee43fd889a7ebc4eb210b6,1673241886,40,118.201.183.106,1238,Tory Burch Ines Espadrille,Women's Apparel,200
137,c284da80a62441cfb497a27efc7e88ef,1676779399,23,118.201.183.106,1238,Tory Burch Ines Espadrille,Women's Apparel,200
138,e57d85af40a34ac9bc9a1aefe5f22aad,1675993890,31,1.32.127.255,1238,Tory Burch Ines Espadrille,Women's Apparel,200
139,b3832a7a94bb4341b7aa723eea124e41,1675620379,18,27.79.255.255,1238,Tory Burch Ines Espadrille,Women's Apparel,200
140,90850969dbd34f46b70da55ffbe94c69,1674632490,13,1.32.127.255,1238,Tory Burch Ines Espadrille,Women's Apparel,200
141,788c31b2d3b04a8ab0f46b3cf117c1fa,1673437622,48,118.201.183.106,1238,Tory Burch Ines Espadrille,Women's Apparel,200
142,aa49260467bf45b788627d0da93b2737,1676585102,37,1.32.127.255,1238,Tory Burch Ines Espadrille,Women's Apparel,200
143,927472503c8b40fd84ed858efec64969,1676521633,5,118.201.183.106,1238,Tory Burch Ines Espadrille,Women's Apparel,200
144,77507fa93a5d4482b243c11aa3a34db8,1676539664,61,118.201.183.106,1238,Tory Burch Ines Espadrille,Women's Apparel,200
145,3f4f61b8c7084f5ea75f8ff015489b63,1677284594,58,27.131.128.0,1238,Tory Burch Ines Espadrille,Women's Apparel,200
146,612140b45737414eabcbda9bca1b6d00,1677251037,24,118.201.183.106,1238,Tory Burch Ines Espadrille,Women's Apparel,200
147,6c48fedead574db49a0e99cb8989fef1,1672556822,50,27.50.31.255,1238,Tory Burch Ines Espadrille,Women's Apparel,200
148,adaa144718bf4545ae0b992dc78734b9,1672577657,64,118.201.183.106,1238,Tory Burch Ines Espadrille,Women's Apparel,200
149,1936fb1482744f079cdc9e39e38234c3,1673034926,28,27.50.31.255,1238,Tory Burch Ines Espadrille,Women's Apparel,200
150,c9b21ef52af84bbda9a1f37b19e53bbc,1677347145,35,27.79.255.255,1238,Tory Burch Ines Espadrille,Women's Apparel,200
151,fe9baacf966e418da49bfac2195aacc5,1675969994,25,27.79.255.255,1238,Tory Burch Ines Espadrille,Women's Apparel,200
152,5325b5039c9e4338a9b65983984cb317,1672566341,32,103.101.47.255,1238,Tory Burch Ines Espadrille,Women's Apparel,200
153,6fece29a42c64b8c982874a842618fef,1675662737,66,1.32.127.255,1238,Tory Burch Ines Espadrille,Women's Apparel,200
154,61647bbf89f84b20a9342a7d3ec31044,1676447263,6,27.79.255.255,1238,Tory Burch Ines Espadrille,Women's Apparel,200
155,7dc7f04efe1f4028ba12d2d4df15a681,1673039229,56,118.201.183.106,1238,Tory Burch Ines Espadrille,Women's Apparel,200
156,1518d3c282a84693a3af5f1ec983a22c,1675131475,50,118.201.183.106,1243,Cotton On Sundress,Women's Apparel,80
157,6ecb12336fc64eca97b5eb932bee041b,1675695228,15,27.50.31.255,1243,Cotton On Sundress,Women's Apparel,80
158,7bf9957745b2458bb75b440580cb2382,1676981334,12,118.201.183.106,1243,Cotton On Sundress,Women's Apparel,80
159,9fa99330185d476fa83f878860c08ace,1673620812,30,27.50.31.255,1243,Cotton On Sundress,Women's Apparel,80
160,0faefcd516244b339cabcce921c3d843,1676657371,44,27.79.255.255,1243,Cotton On Sundress,Women's Apparel,80
161,47a4bf5c8d794c68837b97ec45dfc776,1677245995,20,118.201.183.106,1243,Cotton On Sundress,Women's Apparel,80
162,87aa67a1a0bf40bc9edcd25882a642c3,1674059618,58,27.50.31.255,1243,Cotton On Sundress,Women's Apparel,80
163,2c43cde132de48059d5bb41eee1165be,1674378131,47,118.201.183.106,1243,Cotton On Sundress,Women's Apparel,80
164,b547d20c14ea4925a518945ba488855d,1672884201,21,27.79.255.255,1243,Cotton On Sundress,Women's Apparel,80
165,29e4c4648d1b47f5bfacb36950c1dc50,1676075969,51,1.32.127.255,1243,Cotton On Sundress,Women's Apparel,80
166,2d715564040b45cb96313a114bcbade9,1674528345,18,118.201.183.106,1243,Cotton On Sundress,Women's Apparel,80
167,2438fd1a20244fad9fdc618ef49d3d6b,1675968506,62,1.32.127.255,1243,Cotton On Sundress,Women's Apparel,80
168,c86dc5b1b8064f79a3876a041279958c,1674871882,70,103.101.47.255,1243,Cotton On Sundress,Women's Apparel,80
169,8911acd23dfc419cbb967c479e38a7e6,1675378432,17,27.131.128.0,1243,Cotton On Sundress,Women's Apparel,80
170,624a2680fa544432be5d552fd75f4aea,1674917371,34,27.50.31.255,1243,Cotton On Sundress,Women's Apparel,80
171,881e5285765645c7932247937d1a4591,1677225498,42,118.201.183.106,1243,Cotton On Sundress,Women's Apparel,80
172,010a642e6a8a47b9aec7a47e594a50d9,1674652498,37,1.32.127.255,1243,Cotton On Sundress,Women's Apparel,80
173,3c463221c2294891abdb718ece539246,1673042144,35,103.101.47.255,1243,Cotton On Sundress,Women's Apparel,80
174,7bd6c97c0f5f45d9956242852ce77e38,1673993186,43,118.201.183.106,1243,Cotton On Sundress,Women's Apparel,80
175,63b53882a1f6450082b82386b8e26c04,1673821480,41,1.32.127.255,1243,Cotton On Sundress,Women's Apparel,80
176,a5cd81b3a38c447cb9b1875e18570139,1675935187,13,27.79.255.255,1243,Cotton On Sundress,Women's Apparel,80
177,29e28923eb07419fa3a9c8d0b0b5b4dc,1675580665,28,27.50.31.255,1243,Cotton On Sundress,Women's Apparel,80
178,02fc08ed8c874e86a181b9abada6e841,1675041104,39,118.201.183.106,1243,Cotton On Sundress,Women's Apparel,80
179,0efd32b1b8c0478fb43cf327d58e0bdb,1675618843,34,118.201.183.106,1243,Cotton On Sundress,Women's Apparel,80
180,9532ff13a2f74ee68c2e550871bd961c,1675930344,3,103.101.47.255,1243,Cotton On Sundress,Women's Apparel,80
181,0b56bdfb29014456ae3fe202c3615bb6,1675659573,34,1.32.127.255,1243,Cotton On Sundress,Women's Apparel,80
182,89ee445fac8247a38f1ec07290af6516,1674780071,21,103.101.47.255,1243,Cotton On Sundress,Women's Apparel,80
183,ec6c2ffd43524979866bcb0a0b51e724,1676132189,30,27.131.128.0,1236,Camping Tent,Sports & Outdoor,50
184,c58eac5983b34a4586f69ac82a076750,1677399978,17,118.201.183.106,1236,Camping Tent,Sports & Outdoor,50
185,132b632c03ca471d9ad9621ac74ac451,1675739642,23,27.131.128.0,1236,Camping Tent,Sports & Outdoor,50
186,fc9193ad0fc144388701e7bd0539328d,1674140659,53,27.50.31.255,1236,Camping Tent,Sports & Outdoor,50
187,d9840c0eada44960a8df8c90fc6f9ba3,1676298560,34,118.201.183.106,1236,Camping Tent,Sports & Outdoor,50
188,21fd8cfa273d48698cefd304955eaa4f,1674761371,22,118.201.183.106,1236,Camping Tent,Sports & Outdoor,50
189,3a6eea03ffac4bcd953e3574b68f7b88,1677491937,40,103.101.47.255,1236,Camping Tent,Sports & Outdoor,50
190,92c33e754c4d4f3f9ba1dc224fa5d7f6,1675798056,27,118.201.183.106,1236,Camping Tent,Sports & Outdoor,50
191,d9170c38cc7140c7a989f7f37bce44f3,1675214516,67,1.32.127.255,1236,Camping Tent,Sports & Outdoor,50
192,52f239b653764cf5b8b77e35392312c9,1674028429,11,118.201.183.106,1236,Camping Tent,Sports & Outdoor,50
193,9a9a6d9d7a06492fb2a6cd5b2cc9404a,1673256655,58,27.131.128.0,1236,Camping Tent,Sports & Outdoor,50
194,41eb7ab54afb45e4b26ea2b4d744cf6e,1676292610,68,1.32.127.255,1236,Camping Tent,Sports & Outdoor,50
195,6a8b9a407411442d9e072535e36dc9f1,1676629444,34,27.50.31.255,1236,Camping Tent,Sports & Outdoor,50
196,6754cd921e7a4985a16a6ae5524a3025,1674698805,11,118.201.183.106,1236,Camping Tent,Sports & Outdoor,50
197,6c177615e48c49ffb5fe7ba107100f6a,1676658233,28,118.201.183.106,1236,Camping Tent,Sports & Outdoor,50
198,9d0782f04de54899aaba954bd907dd8c,1673354283,63,27.79.255.255,1236,Camping Tent,Sports & Outdoor,50
199,63569a4c604f4917bed62fd31e740bfd,1676211423,52,118.201.183.106,1236,Camping Tent,Sports & Outdoor,50
200,d072b58046374a6cbfc1d1c2114e405b,1672770248,41,118.201.183.106,1236,Camping Tent,Sports & Outdoor,50
201,e22a85801810436ba478147ba3553aa9,1674701295,10,118.201.183.106,1236,Camping Tent,Sports & Outdoor,50
202,f0f9616c9a9548e9abce854b11c49285,1673731264,57,118.201.183.106,1236,Camping Tent,Sports & Outdoor,50
203,d75b78f82e4545a6bdf2181db2db94cf,1673609987,40,1.32.127.255,1236,Camping Tent,Sports & Outdoor,50
204,0b3015d3f6c5487b916edd53b19737c7,1673398371,6,118.201.183.106,1236,Camping Tent,Sports & Outdoor,50
205,ff5ac09ab3544cc29650b97de2405ca5,1674220876,27,118.201.183.106,1236,Camping Tent,Sports & Outdoor,50
206,606c1d278a644bf0b760636b5419e4f2,1674672022,69,27.79.255.255,1236,Camping Tent,Sports & Outdoor,50
207,0975052ba7e34a1fa61681eed2f62afd,1675314469,42,27.50.31.255,1236,Camping Tent,Sports & Outdoor,50
208,66ad2b2461db4d61a5831d8bc5b079aa,1676825413,30,118.201.183.106,1236,Camping Tent,Sports & Outdoor,50
209,903f770f0faf4b02841f423a9162638c,1675356095,29,118.201.183.106,1236,Camping Tent,Sports & Outdoor,50
210,ce9a9fcf1d4b4e87ab505a0fb81a27b5,1677021928,35,118.201.183.106,1242,Stan Smith Green,Men's Apparel,70
211,fdaeeda3a3b448308905bd831ad8757a,1673304188,28,27.131.128.0,1242,Stan Smith Green,Men's Apparel,70
212,b8f784398b074e10ae7ccb2be9af6d3c,1674449210,5,118.201.183.106,1242,Stan Smith Green,Men's Apparel,70
213,1fb9cc72e92446c6b76df66a0ffe3ae7,1674980973,62,118.201.183.106,1242,Stan Smith Green,Men's Apparel,70
214,9b7488edba3046b594100f9a258cb89e,1675363572,43,103.101.47.255,1242,Stan Smith Green,Men's Apparel,70
215,342a5c550ba4464e95dec82aef7c74cb,1675982372,53,103.101.47.255,1242,Stan Smith Green,Men's Apparel,70
216,875448e346d944bab40ec1e5419c439c,1677051012,23,27.131.128.0,1242,Stan Smith Green,Men's Apparel,70
217,685d63dcfef4449a94a87df7d3bde6ce,1673454280,62,1.32.127.255,1242,Stan Smith Green,Men's Apparel,70
218,ec6fc73b261948b48d5d64bb1f8d7085,1673841931,10,27.50.31.255,1242,Stan Smith Green,Men's Apparel,70
219,329925a007ce4fa1a997fb0bb0ce9155,1676155894,16,27.50.31.255,1242,Stan Smith Green,Men's Apparel,70
220,ca446375856849289fc80c71ae2c60ad,1676991034,4,118.201.183.106,1242,Stan Smith Green,Men's Apparel,70
221,3a8a8ccbf05748a185d87cef9810c377,1674299609,54,27.131.128.0,1242,Stan Smith Green,Men's Apparel,70
222,f76ba3ce7c09453bac7387a343da5c40,1676967013,70,118.201.183.106,1242,Stan Smith Green,Men's Apparel,70
223,1c28ea911b2b46179781832cfc3434f4,1676248321,28,118.201.183.106,1242,Stan Smith Green,Men's Apparel,70
224,1105417a8a914ab68f85e3d6191fd4c5,1677202600,57,118.201.183.106,1242,Stan Smith Green,Men's Apparel,70
225,76a60c593e7143e6862ba7ea8ed32367,1677179202,62,27.79.255.255,1242,Stan Smith Green,Men's Apparel,70
226,57fbe5aaff9b41dfa2646f0e8e18df0f,1673823919,25,27.50.31.255,1242,Stan Smith Green,Men's Apparel,70
227,bebd2b8c99b64551a8bac72cb7169fcd,1673938217,10,27.50.31.255,1242,Stan Smith Green,Men's Apparel,70
228,e28f003c6c41421a8f36b81c1e1263f4,1672857449,70,118.201.183.106,1242,Stan Smith Green,Men's Apparel,70
229,743a936deb904d80b0619110c8761c9a,1675691931,59,118.201.183.106,1242,Stan Smith Green,Men's Apparel,70
230,10710507f81a48d3a332b807a30412f9,1674062816,28,27.131.128.0,1242,Stan Smith Green,Men's Apparel,70
231,323ff38d23944762b3c16f61076ce255,1677037557,55,27.79.255.255,1242,Stan Smith Green,Men's Apparel,70
232,9ee02e57691d4f33b77464d8d339e67d,1675987326,25,1.32.127.255,1242,Stan Smith Green,Men's Apparel,70
233,dbd3ad3d5d9546af9d7e8cba35fe2a64,1673746213,49,1.32.127.255,1242,Stan Smith Green,Men's Apparel,70
234,673304e689b94ff0a5d0cc9a291fdeb3,1673618183,47,118.201.183.106,1242,Stan Smith Green,Men's Apparel,70
235,742237ef63944c6592adef3d6d95a071,1673268485,5,27.50.31.255,1242,Stan Smith Green,Men's Apparel,70
236,c0188d16274a440f985d567e0e503036,1673944988,35,118.201.183.106,1242,Stan Smith Green,Men's Apparel,70
237,d1ab8503313d43a99e75a70d4b4f2071,1676463453,9,1.32.127.255,1242,Stan Smith Green,Men's Apparel,70
238,7ee8f4a9da5b43a1937aaaee68704291,1673485629,42,118.201.183.106,1237,Ultraboost 3.0 Black,Men's Apparel,150
239,aed766d4a9af4391bb2c9e92bc322cf3,1676911639,26,27.79.255.255,1237,Ultraboost 3.0 Black,Men's Apparel,150
240,d262abe2e26a419aa7be3cd9f9ce1b09,1677172730,33,27.79.255.255,1237,Ultraboost 3.0 Black,Men's Apparel,150
241,b153c9406de14ff994ec9642bb9e0a94,1673578336,61,27.79.255.255,1237,Ultraboost 3.0 Black,Men's Apparel,150
242,748fe98210b447d0b5591b5588bf3b7c,1672772250,23,118.201.183.106,1237,Ultraboost 3.0 Black,Men's Apparel,150
243,02ce48e8b7334cb1b106117ba218cbea,1676632456,64,1.32.127.255,1237,Ultraboost 3.0 Black,Men's Apparel,150
244,a28b3dc95d114dafadb286c95b0e7157,1675033455,3,27.131.128.0,1237,Ultraboost 3.0 Black,Men's Apparel,150
245,88fb354d3ceb48599aa04bbe73e12fb9,1675389766,51,1.32.127.255,1237,Ultraboost 3.0 Black,Men's Apparel,150
246,2be57b8a0e14422785b197ea69a62ad8,1673288089,12,27.79.255.255,1237,Ultraboost 3.0 Black,Men's Apparel,150
247,d582e276d85545b89603f2f63dc6a289,1677363536,37,1.32.127.255,1237,Ultraboost 3.0 Black,Men's Apparel,150
248,19b7e07e19cd4b4c8a0ac6349fefe0a6,1673701438,23,27.79.255.255,1237,Ultraboost 3.0 Black,Men's Apparel,150
249,dff77c8ae7f24b7db5a939ac96247ba6,1675950738,43,27.50.31.255,1237,Ultraboost 3.0 Black,Men's Apparel,150
250,7d4f25765693415c8185c05bdeaa94c8,1674129763,9,118.201.183.106,1237,Ultraboost 3.0 Black,Men's Apparel,150
251,4466cadfa2934ed58e3ad4fc61151bc1,1676314979,18,103.101.47.255,1237,Ultraboost 3.0 Black,Men's Apparel,150
252,51b931d41078474c8b1b22f1b4e69fd5,1674515105,53,1.32.127.255,1237,Ultraboost 3.0 Black,Men's Apparel,150
253,3c099df48bed44e3bc82adabcc0a1b1c,1672796055,14,27.50.31.255,1237,Ultraboost 3.0 Black,Men's Apparel,150
254,eb0139df7d504e4793e78d05707e6fb8,1674630784,47,1.32.127.255,1237,Ultraboost 3.0 Black,Men's Apparel,150
255,900b91e4dc4c4c07bb72b16bc5996eeb,1676672156,15,27.131.128.0,1237,Ultraboost 3.0 Black,Men's Apparel,150
256,6af47f922ae84a37ba91a902ca7b29cd,1672875120,41,118.201.183.106,1237,Ultraboost 3.0 Black,Men's Apparel,150
257,39d0d937a2fe481db962e9075a7a326d,1677047660,41,103.101.47.255,1237,Ultraboost 3.0 Black,Men's Apparel,150
258,0d187ec8657844a78fa07c9afad22bb3,1676996392,54,103.101.47.255,1237,Ultraboost 3.0 Black,Men's Apparel,150
259,fa9ff485d63642bc9dcf497a3f91b8a4,1675997044,33,103.101.47.255,1237,Ultraboost 3.0 Black,Men's Apparel,150
260,c6446c24d34b4047a4c36d08869844cb,1677282494,65,27.50.31.255,1237,Ultraboost 3.0 Black,Men's Apparel,150
261,7f22c5148a384f43b95e27f6fb6b30fc,1673062447,49,27.50.31.255,1237,Ultraboost 3.0 Black,Men's Apparel,150
262,9e337e90a6f64b36b5d84c51edb265a0,1674420980,8,1.32.127.255,1237,Ultraboost 3.0 Black,Men's Apparel,150
263,909bf96538764603ad156113d225df6f,1675515450,64,118.201.183.106,1237,Ultraboost 3.0 Black,Men's Apparel,150
264,964f9d95195941fc97227c27e0dce09b,1674026873,64,118.201.183.106,1237,Ultraboost 3.0 Black,Men's Apparel,150
265,933c910a72004c398d12dc73311f985a,1673977787,17,118.201.183.106,1237,Ultraboost 3.0 Black,Men's Apparel,150
266,60ac4d3cf43a4662b1090aa3134fb5aa,1675179223,12,27.50.31.255,1237,Ultraboost 3.0 Black,Men's Apparel,150
267,ec4b4a3ab5454fb18854da16410cd6eb,1674294641,54,27.131.128.0,1237,Ultraboost 3.0 Black,Men's Apparel,150
268,ab3468d8d0234b1b97511ad6f3e15c50,1674239196,43,1.32.127.255,1237,Ultraboost 3.0 Black,Men's Apparel,150
269,c4cd9d95a4f741cf8bd1a886e8c6b706,1677075074,38,27.79.255.255,1237,Ultraboost 3.0 Black,Men's Apparel,150
0,4000d1010f37471daae8ce3feb7ba989,1676703083,6,27.50.31.255,1243,Cotton On Sundress,Women's Apparel,80
1,729b1cb8dde14a2e9681cd67a6bacdd2,1676063905,58,27.131.128.0,1243,Cotton On Sundress,Women's Apparel,80
2,777857aa553648dab52f157f15dee853,1673182577,39,27.131.128.0,1243,Cotton On Sundress,Women's Apparel,80
3,2e9f60cacf7244f088b083eb5d2b449c,1675441687,7,27.79.255.255,1243,Cotton On Sundress,Women's Apparel,80
4,d691fffe05714429b701ef49f52899de,1673790437,19,27.79.255.255,1243,Cotton On Sundress,Women's Apparel,80
5,46760be4b2984f228f6e3e53d3849102,1672847518,26,27.50.31.255,1243,Cotton On Sundress,Women's Apparel,80
6,427beff598be4534b43d4805a40b16b2,1674823559,19,118.201.183.106,1243,Cotton On Sundress,Women's Apparel,80
7,644d2c7b42dd4b45bed873608edf1631,1672802489,10,27.79.255.255,1243,Cotton On Sundress,Women's Apparel,80
8,d12f7c6401e74f019c7529f941bd4067,1675004788,22,1.32.127.255,1243,Cotton On Sundress,Women's Apparel,80
9,ead4d41cafe24beba6b469fb493723f5,1676361174,69,1.32.127.255,1243,Cotton On Sundress,Women's Apparel,80
10,ec65f4f4ab2a463489b3bcf6357810d8,1672905089,23,118.201.183.106,1243,Cotton On Sundress,Women's Apparel,80
11,6e50d398a47e40948e0c24b3b3e71f3a,1676346604,8,27.79.255.255,1243,Cotton On Sundress,Women's Apparel,80
12,4b23f28df3cd464d8a6beb52dc6495b2,1673025893,20,118.201.183.106,1243,Cotton On Sundress,Women's Apparel,80
13,7d87b48b19dd4ba1a2b4ba30ef7978e0,1674072725,44,27.50.31.255,1243,Cotton On Sundress,Women's Apparel,80
14,94c046c8228d4736ae2e4043133bd7eb,1674689021,44,27.79.255.255,1243,Cotton On Sundress,Women's Apparel,80
15,ef5acdf66acc4cc3ac72c58d5d10f12b,1676711457,39,27.79.255.255,1243,Cotton On Sundress,Women's Apparel,80
16,5b3eba64cec84818b366f73069b66691,1676855399,26,27.50.31.255,1243,Cotton On Sundress,Women's Apparel,80
17,e8ae48d3925a40e8936bc902c7d0f6b3,1676629695,42,27.79.255.255,1243,Cotton On Sundress,Women's Apparel,80
18,f929e4c5b93d412e85aeb388b801847a,1676616589,45,27.50.31.255,1243,Cotton On Sundress,Women's Apparel,80
19,617aa9bb46764d7b8e4ee3da16233cbe,1673375596,51,27.50.31.255,1243,Cotton On Sundress,Women's Apparel,80
20,f6924ba47df049a3b7e4153b5d4b7626,1672765568,14,27.50.31.255,1243,Cotton On Sundress,Women's Apparel,80
21,9038786dff2b439895680e875ba0f24b,1676023012,50,118.201.183.106,1243,Cotton On Sundress,Women's Apparel,80
22,e2b2881ed89f41449993bbe1c333f1fb,1677463956,69,118.201.183.106,1243,Cotton On Sundress,Women's Apparel,80
23,9cb0149072984fbcbf180bcbd39d244b,1674655803,55,27.50.31.255,1243,Cotton On Sundress,Women's Apparel,80
24,88928a6bd7014b268f2231dee964411e,1673555731,38,103.101.47.255,1243,Cotton On Sundress,Women's Apparel,80
25,5d1208fe91604161a18a47e0f6599f85,1673110789,20,27.79.255.255,1243,Cotton On Sundress,Women's Apparel,80
26,9b0e5b98ee5c4ee781d0540bd5e64e6a,1675307454,39,118.201.183.106,1243,Cotton On Sundress,Women's Apparel,80
27,214b759ded6c49ea81963daecc3028f9,1674055894,13,118.201.183.106,1243,Cotton On Sundress,Women's Apparel,80
28,5b497dd7d4504a90b7c191f3fc5a8a00,1673322443,28,118.201.183.106,1243,Cotton On Sundress,Women's Apparel,80
29,d3e92159fa154655b55996d21bf28b78,1672736815,7,118.201.183.106,1237,Ultraboost 3.0 Black,Men's Apparel,150
30,d9f9da1f5b8f40e2b9ba6060a777d0bd,1674397318,11,118.201.183.106,1237,Ultraboost 3.0 Black,Men's Apparel,150
31,017fc65f297548c6bf55a55185ed5fd8,1677408705,66,27.50.31.255,1237,Ultraboost 3.0 Black,Men's Apparel,150
32,d20626fb67084591b27f723419179c86,1674814781,30,27.50.31.255,1237,Ultraboost 3.0 Black,Men's Apparel,150
33,e0194ea0a3c74e3e87dece1550f994d0,1676827857,38,103.101.47.255,1237,Ultraboost 3.0 Black,Men's Apparel,150
34,09ae8c9f27554900885f856ef2086746,1677079869,34,118.201.183.106,1237,Ultraboost 3.0 Black,Men's Apparel,150
35,82d38de71469417faa155d1626d98017,1676873228,7,118.201.183.106,1237,Ultraboost 3.0 Black,Men's Apparel,150
36,90cb7b03129444599e97acce5c5876c9,1673999804,8,27.79.255.255,1237,Ultraboost 3.0 Black,Men's Apparel,150
37,c5d20980fdb2494a9156ab742a719c54,1674174254,26,27.79.255.255,1237,Ultraboost 3.0 Black,Men's Apparel,150
38,bbbcc453f0334a5b92816cc0110e6f7a,1675676858,26,1.32.127.255,1237,Ultraboost 3.0 Black,Men's Apparel,150
39,e7e4b27bf8674567a56f1ec2d8b75b3a,1675398141,13,118.201.183.106,1237,Ultraboost 3.0 Black,Men's Apparel,150
40,b3c463db652349bab5efa0d817db0928,1674225931,39,118.201.183.106,1237,Ultraboost 3.0 Black,Men's Apparel,150
41,b2db25ad059d41cab60d40cf2c9b4eb6,1673028240,40,118.201.183.106,1237,Ultraboost 3.0 Black,Men's Apparel,150
42,dca7bff421674af88e939afd59014476,1677186077,13,103.101.47.255,1237,Ultraboost 3.0 Black,Men's Apparel,150
43,169a3cf8511749f585e832a13427dd8f,1672708285,29,27.50.31.255,1237,Ultraboost 3.0 Black,Men's Apparel,150
44,7610e3d4a9da47f49b2882651e3919b7,1677189311,45,118.201.183.106,1237,Ultraboost 3.0 Black,Men's Apparel,150
45,1e4f7a8700e44f3bac4c5dfa7dea300c,1676175469,6,27.50.31.255,1237,Ultraboost 3.0 Black,Men's Apparel,150
46,5d3e2c5d93f341fbaf904e8ad394804c,1676083993,17,27.50.31.255,1237,Ultraboost 3.0 Black,Men's Apparel,150
47,afb8c020028b45969b093d096ec1a18f,1676237656,52,103.101.47.255,1237,Ultraboost 3.0 Black,Men's Apparel,150
48,3dea4039f55b49e587e65c924c0363ea,1676279626,36,118.201.183.106,1237,Ultraboost 3.0 Black,Men's Apparel,150
49,bc58d75f94df4cd5b4b366565bd25f4c,1674828228,36,118.201.183.106,1237,Ultraboost 3.0 Black,Men's Apparel,150
50,522a87de13ce4b16b7c8c92cdc320c00,1673215215,39,118.201.183.106,1237,Ultraboost 3.0 Black,Men's Apparel,150
51,03cc88d69f73458f93e7ed0616bd6459,1674094215,39,27.50.31.255,1237,Ultraboost 3.0 Black,Men's Apparel,150
52,2824ae7f32c0458486606fa48c3bff5f,1677313674,68,118.201.183.106,1237,Ultraboost 3.0 Black,Men's Apparel,150
53,642d8f9b817b4342958e5941e0f12da7,1675043010,21,118.201.183.106,1237,Ultraboost 3.0 Black,Men's Apparel,150
54,3bca11b4185d430488afe28a7f21c61d,1676775744,41,1.32.127.255,1237,Ultraboost 3.0 Black,Men's Apparel,150
55,ab8a83ae27c948058e7f1beda488b64b,1676589597,45,27.131.128.0,1237,Ultraboost 3.0 Black,Men's Apparel,150
56,97cc7fdf08df44d29098c0a519129c4c,1673226063,55,27.79.255.255,1237,Ultraboost 3.0 Black,Men's Apparel,150
57,6d6bcc4547bf45449e03dfe2c8a0ba29,1675931645,12,103.101.47.255,1237,Ultraboost 3.0 Black,Men's Apparel,150
58,5e1419a1704c49478a2a71479e9d85d7,1674420169,39,118.201.183.106,1237,Ultraboost 3.0 Black,Men's Apparel,150
59,5cb7ec93b485441f841ea4207ad30074,1672949942,52,118.201.183.106,1237,Ultraboost 3.0 Black,Men's Apparel,150
60,0bc9c769a39f44c29d654e31c4c5a524,1673160465,69,27.79.255.255,1235,Bose Speaker 3.0,Home Appliance,300
61,1da2e1a16ca14f1e816d954841e9c370,1674457966,56,27.50.31.255,1235,Bose Speaker 3.0,Home Appliance,300
62,8749bd42fda64d3d8a0f2c6773ff7504,1674058064,32,118.201.183.106,1235,Bose Speaker 3.0,Home Appliance,300
63,e2171c7ddf3540f18e54062616222389,1674865423,17,27.50.31.255,1235,Bose Speaker 3.0,Home Appliance,300
64,45fa33d2425a4c6497ae09d8d116a5f8,1675516122,52,27.50.31.255,1235,Bose Speaker 3.0,Home Appliance,300
65,7bb5aa1040f646d683296c5ced0f2cfc,1674025918,5,118.201.183.106,1235,Bose Speaker 3.0,Home Appliance,300
66,60095b3b7a3f4a8fb9c83a383266ac96,1677259964,54,27.50.31.255,1235,Bose Speaker 3.0,Home Appliance,300
67,9eb420c49107423b9b91055d6667c043,1674929040,11,1.32.127.255,1235,Bose Speaker 3.0,Home Appliance,300
68,99bd3586e4a8415ea9e0fe1f5f09df76,1675970652,10,1.32.127.255,1235,Bose Speaker 3.0,Home Appliance,300
69,8e8e581ef96b4152a653225ae3c5362d,1672706628,58,118.201.183.106,1235,Bose Speaker 3.0,Home Appliance,300
70,95dd830406f3424fa1fc674329de3a92,1677434765,55,27.131.128.0,1235,Bose Speaker 3.0,Home Appliance,300
71,07ca8ea56fce4ddaacc4e105426914c1,1674884506,59,1.32.127.255,1235,Bose Speaker 3.0,Home Appliance,300
72,993d7020da5e4afd9f7c9abba1475305,1674370654,33,27.50.31.255,1235,Bose Speaker 3.0,Home Appliance,300
73,cedff603a80e4d1cae4e3d62a799b5b6,1672738820,56,27.50.31.255,1235,Bose Speaker 3.0,Home Appliance,300
74,217f06254f054911b8cfeffddb37cf84,1676752717,48,27.131.128.0,1235,Bose Speaker 3.0,Home Appliance,300
75,5997975db2094f40bc97b39d3cc1f1ea,1676507388,48,103.101.47.255,1235,Bose Speaker 3.0,Home Appliance,300
76,0d3e466b93a84cfda8cb408fc6a0bcc4,1675589779,39,27.79.255.255,1235,Bose Speaker 3.0,Home Appliance,300
77,f2452e3d100e4e0e860b2bb1706011f6,1675059381,4,27.131.128.0,1235,Bose Speaker 3.0,Home Appliance,300
78,3c008f47661846e1b83c8ef13f3c0162,1672798103,44,27.50.31.255,1235,Bose Speaker 3.0,Home Appliance,300
79,1cc4003f27b1437ca1a2f3dfced56fca,1675471128,64,103.101.47.255,1235,Bose Speaker 3.0,Home Appliance,300
80,b0626ba22d5d4ad69e9272b650b5df3b,1674047237,15,118.201.183.106,1235,Bose Speaker 3.0,Home Appliance,300
81,9ccc80c0dfe844afa14de64660d641bf,1675676340,56,118.201.183.106,1241,Yoga Mat 2cm x 1.5m x 60cm,Sports & Outdoor,30
82,34f8fea123064844aae2746dda16f7d7,1673499458,14,118.201.183.106,1241,Yoga Mat 2cm x 1.5m x 60cm,Sports & Outdoor,30
83,0a9e82af9f5b4ef7a6c71ec1f155f08e,1677038370,49,118.201.183.106,1241,Yoga Mat 2cm x 1.5m x 60cm,Sports & Outdoor,30
84,21f1df1e6be644f398fefdea806ece98,1676923931,22,27.79.255.255,1241,Yoga Mat 2cm x 1.5m x 60cm,Sports & Outdoor,30
85,7d06dd433f3849b0ba5addef3712ea7d,1675957628,13,27.50.31.255,1241,Yoga Mat 2cm x 1.5m x 60cm,Sports & Outdoor,30
86,6575330e571f47a088405802ee0542c2,1677197858,20,118.201.183.106,1241,Yoga Mat 2cm x 1.5m x 60cm,Sports & Outdoor,30
87,ffb1e0ed39b7475190249d04018fa287,1672786767,58,27.50.31.255,1241,Yoga Mat 2cm x 1.5m x 60cm,Sports & Outdoor,30
88,3d386979029143bf96be9259af6677b9,1676852961,56,118.201.183.106,1241,Yoga Mat 2cm x 1.5m x 60cm,Sports & Outdoor,30
89,6158b5b1d2794320999c188acef84d05,1676620837,24,27.50.31.255,1241,Yoga Mat 2cm x 1.5m x 60cm,Sports & Outdoor,30
90,6449228f911a41228b95c1622a3e350d,1675422457,44,118.201.183.106,1241,Yoga Mat 2cm x 1.5m x 60cm,Sports & Outdoor,30
91,dd144bbf0c5543d3ba3ed9b25f4a09d3,1675691688,3,1.32.127.255,1241,Yoga Mat 2cm x 1.5m x 60cm,Sports & Outdoor,30
92,b3ff04f7679740209d66b7de0182e08b,1676747405,49,118.201.183.106,1241,Yoga Mat 2cm x 1.5m x 60cm,Sports & Outdoor,30
93,2a3a7937e5464b1f8b41461b10d43540,1674453144,7,27.131.128.0,1241,Yoga Mat 2cm x 1.5m x 60cm,Sports & Outdoor,30
94,b0182a449aef48aabfd5fc9451b865b3,1674089300,38,27.79.255.255,1241,Yoga Mat 2cm x 1.5m x 60cm,Sports & Outdoor,30
95,7ecb000d038d4a2ca7fce56278af43e7,1673976142,14,27.79.255.255,1241,Yoga Mat 2cm x 1.5m x 60cm,Sports & Outdoor,30
96,992710e0c66b48cc8b3231d771be334e,1677421251,36,27.50.31.255,1241,Yoga Mat 2cm x 1.5m x 60cm,Sports & Outdoor,30
97,5f812a02ebff48579af9e243a89bee97,1672993395,43,118.201.183.106,1241,Yoga Mat 2cm x 1.5m x 60cm,Sports & Outdoor,30
98,c12d966963c5493f90c61310216613a7,1677329552,53,118.201.183.106,1241,Yoga Mat 2cm x 1.5m x 60cm,Sports & Outdoor,30
99,dd6c23f896664a169eaf14136c075444,1677107980,46,118.201.183.106,1241,Yoga Mat 2cm x 1.5m x 60cm,Sports & Outdoor,30
100,3154dd4a8be446c29163dc9ab0f909ac,1672898022,19,27.79.255.255,1241,Yoga Mat 2cm x 1.5m x 60cm,Sports & Outdoor,30
101,ba685a6561c445b287d7b6e7bd37da3f,1676179936,31,103.101.47.255,1241,Yoga Mat 2cm x 1.5m x 60cm,Sports & Outdoor,30
102,fcd7f056639544d0b9aa8f78580d106c,1676381389,30,27.131.128.0,1241,Yoga Mat 2cm x 1.5m x 60cm,Sports & Outdoor,30
103,ae522fed9b2a4286a8b7433b980e55a6,1675073857,43,27.131.128.0,1241,Yoga Mat 2cm x 1.5m x 60cm,Sports & Outdoor,30
104,9e0cc8f7c13d4edf919782b6f98720f3,1673608233,14,27.50.31.255,1241,Yoga Mat 2cm x 1.5m x 60cm,Sports & Outdoor,30
105,591fd1199b99480db1c518aed3150588,1673218347,14,1.32.127.255,1241,Yoga Mat 2cm x 1.5m x 60cm,Sports & Outdoor,30
106,6c6fd5f4ba504c56825d8b0d9d5782c0,1677215853,17,27.79.255.255,1241,Yoga Mat 2cm x 1.5m x 60cm,Sports & Outdoor,30
107,8b7f1ab993c94a6c95b94b66ba23c2a1,1674344882,26,118.201.183.106,1241,Yoga Mat 2cm x 1.5m x 60cm,Sports & Outdoor,30
108,4663657a240a4795a6fbe21a37020790,1674761023,5,1.32.127.255,1241,Yoga Mat 2cm x 1.5m x 60cm,Sports & Outdoor,30
109,ad85414cca334b02857fcc7b6a980d06,1676624133,31,27.50.31.255,1238,Tory Burch Ines Espadrille,Women's Apparel,200
110,5130c746f666499eabd64f4a660ba8eb,1675650542,42,118.201.183.106,1238,Tory Burch Ines Espadrille,Women's Apparel,200
111,7686497bd04643d3b296c2774e2bb5fe,1673328683,31,118.201.183.106,1238,Tory Burch Ines Espadrille,Women's Apparel,200
112,180949bdbd904e7289a7619be960b987,1672608440,59,118.201.183.106,1238,Tory Burch Ines Espadrille,Women's Apparel,200
113,36eab6f0088748a79b83bb632e694bc3,1672627429,34,118.201.183.106,1238,Tory Burch Ines Espadrille,Women's Apparel,200
114,3155feed373a42c6be7e403ed79c7e76,1676031154,64,103.101.47.255,1238,Tory Burch Ines Espadrille,Women's Apparel,200
115,dd48d53e676b4852bccf86f988a34ad7,1673871183,12,118.201.183.106,1238,Tory Burch Ines Espadrille,Women's Apparel,200
116,f0ef598b8d384f109244ed67560b813e,1675529648,46,27.131.128.0,1238,Tory Burch Ines Espadrille,Women's Apparel,200
117,2364dae03c054c84886961b48d762fd8,1672945381,55,118.201.183.106,1238,Tory Burch Ines Espadrille,Women's Apparel,200
118,5fbf7af0d36e40aa9af68c21fa779f1b,1674553565,42,118.201.183.106,1238,Tory Burch Ines Espadrille,Women's Apparel,200
119,f4dc66a604554bb6bb538092872f75a8,1677010370,45,118.201.183.106,1238,Tory Burch Ines Espadrille,Women's Apparel,200
120,c70c45c4073f4a388c014aac2bd83c1f,1673502300,29,118.201.183.106,1238,Tory Burch Ines Espadrille,Women's Apparel,200
121,84407b4966d64152bc09f0d5be12931a,1674446227,54,118.201.183.106,1238,Tory Burch Ines Espadrille,Women's Apparel,200
122,daf6ec8c0373440286c2368649162baf,1673407556,50,27.50.31.255,1238,Tory Burch Ines Espadrille,Women's Apparel,200
123,5645cbab90e84abb9b56e5224a4d5a37,1676002110,24,1.32.127.255,1238,Tory Burch Ines Espadrille,Women's Apparel,200
124,3de60b9f8aa448eea803806a9c4bc146,1676508594,59,118.201.183.106,1238,Tory Burch Ines Espadrille,Women's Apparel,200
125,8220e31d7fb44af6ae66ca84233d25b1,1673027715,47,118.201.183.106,1238,Tory Burch Ines Espadrille,Women's Apparel,200
126,dd93be97e8e44d178f38a934b9dcf30c,1674943571,3,27.50.31.255,1238,Tory Burch Ines Espadrille,Women's Apparel,200
127,36760960983b42ceac08bd13364c5d3d,1676078581,60,118.201.183.106,1238,Tory Burch Ines Espadrille,Women's Apparel,200
128,40e1873d646149259b1e2e9adfca588a,1677128040,20,118.201.183.106,1238,Tory Burch Ines Espadrille,Women's Apparel,200
129,3bf1af1cdcb34575880c4d6a55c8a485,1675769935,38,27.79.255.255,1238,Tory Burch Ines Espadrille,Women's Apparel,200
130,a39cb050da224dd69913dc2c15b797e9,1675279205,32,118.201.183.106,1234,L'Oreal Paris Shampoo,Beauty & Personal Care,40
131,eb1e87c486764ecab6189317f227213e,1675483686,5,118.201.183.106,1234,L'Oreal Paris Shampoo,Beauty & Personal Care,40
132,ba786ffc280943ed9d1de954c367fd8f,1676481314,39,118.201.183.106,1234,L'Oreal Paris Shampoo,Beauty & Personal Care,40
133,dbe0703d93fc4b88ad537671c02e0579,1675816064,48,27.50.31.255,1234,L'Oreal Paris Shampoo,Beauty & Personal Care,40
134,4ada019412844ca7a7ad90c86021b4b4,1674758799,35,1.32.127.255,1234,L'Oreal Paris Shampoo,Beauty & Personal Care,40
135,047cd27534d54540ab370c8ccc287108,1674603839,64,27.131.128.0,1234,L'Oreal Paris Shampoo,Beauty & Personal Care,40
136,ee62609ee8e249089cf514d23d3a095b,1675556511,15,118.201.183.106,1234,L'Oreal Paris Shampoo,Beauty & Personal Care,40
137,ca476b1ea054433f8802139f3c2cf878,1674456243,15,27.50.31.255,1234,L'Oreal Paris Shampoo,Beauty & Personal Care,40
138,c531e358080e489a983eac54e1fe9b56,1674249854,41,27.50.31.255,1234,L'Oreal Paris Shampoo,Beauty & Personal Care,40
139,32eb093c183942ecb79b4bbabee700ff,1673248067,3,27.79.255.255,1234,L'Oreal Paris Shampoo,Beauty & Personal Care,40
140,68022b2c6ee445448c20d04c5f2f8e76,1674605352,24,118.201.183.106,1234,L'Oreal Paris Shampoo,Beauty & Personal Care,40
141,97fb9e47f3034f2b9a245348e464d9b4,1675990378,34,118.201.183.106,1234,L'Oreal Paris Shampoo,Beauty & Personal Care,40
142,b00d38c738ee4f91bef84866810f78f0,1676190597,60,118.201.183.106,1234,L'Oreal Paris Shampoo,Beauty & Personal Care,40
143,9ef87aa32e7f4488852b5460c2e84112,1673716248,7,27.131.128.0,1234,L'Oreal Paris Shampoo,Beauty & Personal Care,40
144,6b246da6d4304aadb0d526beab0590ef,1674200367,13,27.79.255.255,1234,L'Oreal Paris Shampoo,Beauty & Personal Care,40
145,0cca3f2b364e4e71829effa19030f339,1675800557,45,1.32.127.255,1234,L'Oreal Paris Shampoo,Beauty & Personal Care,40
146,1502df299b8749e2b91d3705b7c8d815,1676682330,68,118.201.183.106,1234,L'Oreal Paris Shampoo,Beauty & Personal Care,40
147,8feb0f1629d04565a261bba9cf3d5b3b,1676652289,66,1.32.127.255,1234,L'Oreal Paris Shampoo,Beauty & Personal Care,40
148,97bed9f7fc5a4676b8877fc8e454ef87,1675287579,9,118.201.183.106,1234,L'Oreal Paris Shampoo,Beauty & Personal Care,40
149,4ff267b07b534030a6c2592c01231c75,1673157913,59,27.79.255.255,1234,L'Oreal Paris Shampoo,Beauty & Personal Care,40
150,8cc1d4ddadfc4abcbd20be3e4ef0b825,1676454875,31,27.79.255.255,1234,L'Oreal Paris Shampoo,Beauty & Personal Care,40
151,0c9bf2c9995547969e3ae9848d0854b7,1674223593,64,118.201.183.106,1234,L'Oreal Paris Shampoo,Beauty & Personal Care,40
152,5c2eb6bdbc3442678ad14a01b5f977f2,1672785252,7,27.79.255.255,1234,L'Oreal Paris Shampoo,Beauty & Personal Care,40
153,81f6a925dc2044c7a4853e192b8feb28,1675227810,27,27.131.128.0,1234,L'Oreal Paris Shampoo,Beauty & Personal Care,40
154,ba2884ee8dab4b128cec957ba80df5e2,1673502227,18,118.201.183.106,1234,L'Oreal Paris Shampoo,Beauty & Personal Care,40
155,fa88d550ccfb47b78c4bf73468e76c7c,1674115389,67,118.201.183.106,1234,L'Oreal Paris Shampoo,Beauty & Personal Care,40
156,a657c4928aa54a8e857378e90d660185,1673367711,67,1.32.127.255,1234,L'Oreal Paris Shampoo,Beauty & Personal Care,40
157,ce9dbaa63a8c47a8b41a127b13494b58,1675471310,17,27.50.31.255,1236,Camping Tent,Sports & Outdoor,50
158,4fbe30336fcf4dae9c309ae10ac18116,1675047246,63,118.201.183.106,1236,Camping Tent,Sports & Outdoor,50
159,b35fbf0fdfa145949246c0173095cc24,1672768637,15,118.201.183.106,1236,Camping Tent,Sports & Outdoor,50
160,bcc29a266dbc4192beefd03f2a8209ff,1677317076,20,27.79.255.255,1236,Camping Tent,Sports & Outdoor,50
161,634ced2e1e944514ac35b4cf323c1cc3,1675900619,23,27.50.31.255,1236,Camping Tent,Sports & Outdoor,50
162,57f1fee59d374eb69c02d595db3d5874,1676584803,34,118.201.183.106,1236,Camping Tent,Sports & Outdoor,50
163,22d40cbce39444b9ae5f36983e60108c,1673581878,54,118.201.183.106,1236,Camping Tent,Sports & Outdoor,50
164,a09ad8b95c3a489f952427026248cbb9,1677231779,37,118.201.183.106,1236,Camping Tent,Sports & Outdoor,50
165,d64f7ea5600a4176a2b73206340bff91,1676179262,63,103.101.47.255,1236,Camping Tent,Sports & Outdoor,50
166,466fa92c3c6c4b498c56f69e95d3266f,1673377700,19,27.79.255.255,1236,Camping Tent,Sports & Outdoor,50
167,6dd5e57ca95b4380a699fcf4d1964409,1673074356,54,118.201.183.106,1236,Camping Tent,Sports & Outdoor,50
168,a34f78e13b3e453e82dd63e91be35a86,1672565383,25,1.32.127.255,1236,Camping Tent,Sports & Outdoor,50
169,29b562d970ed4c3eb97fb3ca0d46900f,1673993288,17,118.201.183.106,1236,Camping Tent,Sports & Outdoor,50
170,5f4699a1c7a94dac8a2568ea51a7ea21,1675256152,48,118.201.183.106,1236,Camping Tent,Sports & Outdoor,50
171,c6c47057162b40ba825016a070293fec,1676370772,67,27.79.255.255,1236,Camping Tent,Sports & Outdoor,50
172,1111e2e78cd4493dacc241749562d2b9,1674419142,12,1.32.127.255,1236,Camping Tent,Sports & Outdoor,50
173,9d14c0a9d9164e9bba5a3ab2054f9355,1675843696,56,1.32.127.255,1236,Camping Tent,Sports & Outdoor,50
174,39e8506e2bfc468da78b590f979eb582,1674808061,25,27.50.31.255,1236,Camping Tent,Sports & Outdoor,50
175,86c58eba3d184ad89cf511bccb56c101,1673688510,32,118.201.183.106,1236,Camping Tent,Sports & Outdoor,50
176,9188e623375a4668a70073a8007d6b49,1674763175,66,103.101.47.255,1236,Camping Tent,Sports & Outdoor,50
177,8adafa021ef64a4090efc1db2c864063,1677113256,30,27.50.31.255,1236,Camping Tent,Sports & Outdoor,50
178,9d4a7f092a96457390a2da2c85b86659,1675211611,61,118.201.183.106,1236,Camping Tent,Sports & Outdoor,50
179,20064eadfd904fbe80973738789473be,1676609908,61,27.79.255.255,1236,Camping Tent,Sports & Outdoor,50
180,973aa0ab7c4c404fad48e891a33c4b14,1674524940,41,118.201.183.106,1236,Camping Tent,Sports & Outdoor,50
181,a8eb00cfa6164fdf9ab4266a584a1c68,1673340365,9,27.50.31.255,1240,JBL Surround Sound Speaker,Home Appliance,320
182,56536f39e96247529776b76e8f873667,1677183979,57,118.201.183.106,1240,JBL Surround Sound Speaker,Home Appliance,320
183,81604057b93446f4a0b8e1d5fc28760a,1675901371,47,118.201.183.106,1240,JBL Surround Sound Speaker,Home Appliance,320
184,e5f333681a134e168a173182cf1aed44,1673689652,31,118.201.183.106,1240,JBL Surround Sound Speaker,Home Appliance,320
185,8d53640a3cdf444c8d9dc87af2b14e54,1672832949,32,118.201.183.106,1240,JBL Surround Sound Speaker,Home Appliance,320
186,f17de2a6621c4799ac934063eb2eb529,1674918005,40,118.201.183.106,1240,JBL Surround Sound Speaker,Home Appliance,320
187,5c8f448ffc24409b8d37f65f61cc5dd7,1673880387,59,118.201.183.106,1240,JBL Surround Sound Speaker,Home Appliance,320
188,c63e1a5fc6d344d0a5697d4f842b60eb,1674135427,70,1.32.127.255,1240,JBL Surround Sound Speaker,Home Appliance,320
189,ea142b5cc0df4456974dcee31847ccac,1676953800,30,118.201.183.106,1240,JBL Surround Sound Speaker,Home Appliance,320
190,282e56a4661e469a9dc41b0a3c550dfd,1675498659,46,118.201.183.106,1240,JBL Surround Sound Speaker,Home Appliance,320
191,96f237353ca448ea8fd6f791d419f838,1675249194,3,27.79.255.255,1240,JBL Surround Sound Speaker,Home Appliance,320
192,af9ec1a3b7b143a09b744731ebfc40e5,1672770119,16,118.201.183.106,1240,JBL Surround Sound Speaker,Home Appliance,320
193,907f5f767c514208909ed3bca697072d,1676027153,50,1.32.127.255,1240,JBL Surround Sound Speaker,Home Appliance,320
194,428ec5efced54ce28dbe0c8b598298b8,1677423189,56,27.79.255.255,1240,JBL Surround Sound Speaker,Home Appliance,320
195,e5b3e4d7063347f59bd387cc8eacc616,1675748490,58,103.101.47.255,1240,JBL Surround Sound Speaker,Home Appliance,320
196,8f386d70db4a45ae893ab42dad2446c4,1675644298,30,27.50.31.255,1240,JBL Surround Sound Speaker,Home Appliance,320
197,831364ea85bb41eabd60e9d310b565d9,1676124053,47,1.32.127.255,1240,JBL Surround Sound Speaker,Home Appliance,320
198,2e889192e38d4edc9dbf7c0852b63d47,1677292450,7,118.201.183.106,1240,JBL Surround Sound Speaker,Home Appliance,320
199,2045603dcda847a582366f6bafe61baf,1674150575,21,103.101.47.255,1240,JBL Surround Sound Speaker,Home Appliance,320
200,913a3b4f092e47df912c717efa711b12,1675797313,31,27.50.31.255,1240,JBL Surround Sound Speaker,Home Appliance,320
201,af633e2dda184f51a545d2aae47a6ba0,1675866997,11,118.201.183.106,1240,JBL Surround Sound Speaker,Home Appliance,320
202,21b92be002c14813aeab3b0fa44ce718,1677428067,33,118.201.183.106,1239,YSL ROUGE VOLUPT SHINE,Beauty & Personal Care,90
203,5e4df4a135a64016b954677cdbb0da6b,1674441022,32,103.101.47.255,1239,YSL ROUGE VOLUPT SHINE,Beauty & Personal Care,90
204,a7720eecd76341a980db2211c6f84529,1673069179,56,118.201.183.106,1239,YSL ROUGE VOLUPT SHINE,Beauty & Personal Care,90
205,14e33c70b3544a7f9510e3ef364fb0b4,1674441517,44,118.201.183.106,1239,YSL ROUGE VOLUPT SHINE,Beauty & Personal Care,90
206,30d1ac8a60764dd69ec8a1709c6c1df9,1675891377,11,118.201.183.106,1239,YSL ROUGE VOLUPT SHINE,Beauty & Personal Care,90
207,32a14042811d46b299e4c12046da7995,1677140689,52,103.101.47.255,1239,YSL ROUGE VOLUPT SHINE,Beauty & Personal Care,90
208,215f2edd15ac476c896ecc8108ab78e6,1673854460,70,118.201.183.106,1239,YSL ROUGE VOLUPT SHINE,Beauty & Personal Care,90
209,774e934664614f33b650a175c198cfcf,1677118635,5,118.201.183.106,1239,YSL ROUGE VOLUPT SHINE,Beauty & Personal Care,90
210,ef725244d08042cda43f022a726dd44a,1676960363,47,27.131.128.0,1239,YSL ROUGE VOLUPT SHINE,Beauty & Personal Care,90
211,fd6487ebe3444180869bc68ad31e2889,1672831427,4,118.201.183.106,1239,YSL ROUGE VOLUPT SHINE,Beauty & Personal Care,90
212,7e1d86aae9e2453d9f84f5d510c8b141,1673158861,8,118.201.183.106,1239,YSL ROUGE VOLUPT SHINE,Beauty & Personal Care,90
213,9dae83e1add0416fb1123a2583952a62,1672902158,70,27.79.255.255,1239,YSL ROUGE VOLUPT SHINE,Beauty & Personal Care,90
214,54ce8ecdc47e4d6c84f8cc5d79248ded,1676255170,66,118.201.183.106,1239,YSL ROUGE VOLUPT SHINE,Beauty & Personal Care,90
215,83dcbf3e9e964caaa3d5eb1634175b29,1675239195,16,118.201.183.106,1239,YSL ROUGE VOLUPT SHINE,Beauty & Personal Care,90
216,254843a43cbd4df3beb42b09a6d04c07,1676814793,59,1.32.127.255,1239,YSL ROUGE VOLUPT SHINE,Beauty & Personal Care,90
217,af8d87bfa7e54500a20534dba7dbc25e,1673497928,46,118.201.183.106,1239,YSL ROUGE VOLUPT SHINE,Beauty & Personal Care,90
218,c0565e6cb9ab4b47942fbb4ced01c443,1675910193,55,27.50.31.255,1239,YSL ROUGE VOLUPT SHINE,Beauty & Personal Care,90
219,f14620208a2c469bad9b386da8f3ccb4,1673823006,10,27.50.31.255,1239,YSL ROUGE VOLUPT SHINE,Beauty & Personal Care,90
220,eda3233e4673409398248a6c1c5878d6,1676508933,28,103.101.47.255,1239,YSL ROUGE VOLUPT SHINE,Beauty & Personal Care,90
221,c08b911188544269be7b4271954ed94f,1675002283,29,27.131.128.0,1239,YSL ROUGE VOLUPT SHINE,Beauty & Personal Care,90
222,8e3920277fd449aaa698ac14ec8929f8,1673601611,50,103.101.47.255,1239,YSL ROUGE VOLUPT SHINE,Beauty & Personal Care,90
223,65062e5890024833807e507e3c7e8525,1676228333,54,1.32.127.255,1239,YSL ROUGE VOLUPT SHINE,Beauty & Personal Care,90
224,b1e1f29f346f405089314de947173266,1677299627,20,1.32.127.255,1239,YSL ROUGE VOLUPT SHINE,Beauty & Personal Care,90
225,1e98a06639f347d3a207b6ebce71cb3d,1676197236,27,27.79.255.255,1239,YSL ROUGE VOLUPT SHINE,Beauty & Personal Care,90
226,e36c6402f2dd4617aedcd05fe4ed9f5d,1676169286,36,118.201.183.106,1239,YSL ROUGE VOLUPT SHINE,Beauty & Personal Care,90
227,d27594bd3305444fbbe357782866f954,1676489807,3,27.79.255.255,1239,YSL ROUGE VOLUPT SHINE,Beauty & Personal Care,90
228,2c6f079628c04a38ba475943e34451d0,1676973538,54,27.50.31.255,1239,YSL ROUGE VOLUPT SHINE,Beauty & Personal Care,90
229,f4c570d34df545cf8b759e954b141eb2,1675873359,69,1.32.127.255,1239,YSL ROUGE VOLUPT SHINE,Beauty & Personal Care,90
230,804089914231490a8c89685483ff4b72,1676417684,50,118.201.183.106,1242,Stan Smith Green,Men's Apparel,70
231,a6111f267ca5482391159e36cf6390c0,1675579119,51,118.201.183.106,1242,Stan Smith Green,Men's Apparel,70
232,c06d176ca1f64cc496bffdd17ffbc87b,1672667925,58,1.32.127.255,1242,Stan Smith Green,Men's Apparel,70
233,7e8ff9b7619349efb07b7dffb7399144,1676763721,61,27.131.128.0,1242,Stan Smith Green,Men's Apparel,70
234,bf570c8b3cde4c2dbbb8de13186a2d88,1677033705,55,118.201.183.106,1242,Stan Smith Green,Men's Apparel,70
235,763a0af8aad740988ce395594c072988,1673740590,29,27.79.255.255,1242,Stan Smith Green,Men's Apparel,70
236,608a2b82666446e69fee76df1d243ae1,1674083321,45,118.201.183.106,1242,Stan Smith Green,Men's Apparel,70
237,8cc84275f1fd490faa823192a478ad86,1677310404,5,27.50.31.255,1242,Stan Smith Green,Men's Apparel,70
238,4ca3207b23f5427ea9318247ee68ed6b,1673860723,35,118.201.183.106,1242,Stan Smith Green,Men's Apparel,70
239,f119ffe40eed4464a61f6a0584695808,1677142932,50,27.79.255.255,1242,Stan Smith Green,Men's Apparel,70
240,bce5510eb4164f0290c70a947eb5fe3a,1677030104,4,118.201.183.106,1242,Stan Smith Green,Men's Apparel,70
241,9fefbfcb99f64345afa20b1468bac5e9,1675595253,62,118.201.183.106,1242,Stan Smith Green,Men's Apparel,70
242,c15b728db9824349bdeac55678869709,1675931736,10,118.201.183.106,1242,Stan Smith Green,Men's Apparel,70
243,938ef04182be414b89be7a4bc893cbb9,1673746843,46,118.201.183.106,1242,Stan Smith Green,Men's Apparel,70
244,f8c52a431354479bbc6bb958aa9b7b96,1674377368,13,27.50.31.255,1242,Stan Smith Green,Men's Apparel,70
245,4a09907ef0b044a894efa9ab7dbe30a0,1675566692,63,27.50.31.255,1242,Stan Smith Green,Men's Apparel,70
246,469190ab0a6a4ab6a28bde960467e770,1672923813,35,118.201.183.106,1242,Stan Smith Green,Men's Apparel,70
247,8620f0ea6c944cc49dd6b394899b6720,1672674208,30,118.201.183.106,1242,Stan Smith Green,Men's Apparel,70
248,0062777bca264e1c8e461583a3adee9c,1675708845,19,1.32.127.255,1242,Stan Smith Green,Men's Apparel,70
249,21fcd451da9e4378b02e827b88737006,1674232693,51,1.32.127.255,1242,Stan Smith Green,Men's Apparel,70